"3266227",NULL,NULL,"Gogebic 6","1642291220",NULL,"46.599252","-89.632193",NULL,NULL,"2022-01-16 00:00:20",NULL,"13.3",NULL,"1",NULL,"108","0","0","0","0"
"3266228",NULL,NULL,"Gogebic 6","1642291280",NULL,"46.60163","-89.63288",NULL,NULL,"2022-01-16 00:01:20",NULL,"13.3",NULL,"1",NULL,"108","0","0","0","0"
"3266229",NULL,NULL,"Gogebic 6","1642291293",NULL,"46.602063","-89.633298",NULL,NULL,"2022-01-16 00:01:33",NULL,"13.3",NULL,"1",NULL,"108","0","0","0","0"
"3266230",NULL,NULL,"Gogebic 6","1642291340",NULL,"46.603449","-89.634715",NULL,NULL,"2022-01-16 00:02:20",NULL,"13.3",NULL,"1",NULL,"108","0","0","0","0"
"3266231",NULL,NULL,"Gogebic 6","1642291348",NULL,"46.603366","-89.634973",NULL,NULL,"2022-01-16 00:02:28",NULL,"13.3",NULL,"1",NULL,"108","0","0","0","0"
"3266301",NULL,NULL,"Gogebic 6","1642291400",NULL,"46.602853","-89.637914",NULL,NULL,"2022-01-16 00:03:20",NULL,"13.3",NULL,"1",NULL,"108","0","0","0","0"
"3266302",NULL,NULL,"Gogebic 6","1642291460",NULL,"46.601899","-89.64079",NULL,NULL,"2022-01-16 00:04:20",NULL,"13.3",NULL,"1",NULL,"108","0","0","0","0"
"3266303",NULL,NULL,"Gogebic 6","1642291518",NULL,"46.601872","-89.644368",NULL,NULL,"2022-01-16 00:05:18",NULL,"13.3",NULL,"1",NULL,"108","0","0","0","0"
"3266304",NULL,NULL,"Gogebic 6","1642291520",NULL,"46.601894","-89.644487",NULL,NULL,"2022-01-16 00:05:20",NULL,"13.3",NULL,"1",NULL,"108","0","0","0","0"
"3266370",NULL,NULL,"Gogebic 6","1642291580",NULL,"46.602508","-89.64778",NULL,NULL,"2022-01-16 00:06:20",NULL,"13.3",NULL,"1",NULL,"108","0","0","0","0"
"3266371",NULL,NULL,"Gogebic 6","1642291640",NULL,"46.603965","-89.650847",NULL,NULL,"2022-01-16 00:07:20",NULL,"13.3",NULL,"1",NULL,"108","0","0","0","0"
"3266372",NULL,NULL,"Gogebic 6","1642291643",NULL,"46.604084","-89.650935",NULL,NULL,"2022-01-16 00:07:23",NULL,"13.3",NULL,"1",NULL,"108","0","0","0","0"
"3266373",NULL,NULL,"Gogebic 6","1642291691",NULL,"46.605603","-89.652485",NULL,NULL,"2022-01-16 00:08:11",NULL,"13.3",NULL,"1",NULL,"108","0","0","0","0"
"3266374",NULL,NULL,"Gogebic 6","1642291700",NULL,"46.605686","-89.653029",NULL,NULL,"2022-01-16 00:08:20",NULL,"13.3",NULL,"1",NULL,"108","0","0","0","0"
"3266375",NULL,NULL,"Gogebic 6","1642291742",NULL,"46.605637","-89.655603",NULL,NULL,"2022-01-16 00:09:02",NULL,"13.3",NULL,"1",NULL,"108","0","0","0","0"
"3266445",NULL,NULL,"Gogebic 6","1642291760",NULL,"46.605222","-89.656429",NULL,NULL,"2022-01-16 00:09:20",NULL,"13.3",NULL,"1",NULL,"108","0","0","0","0"
"3266446",NULL,NULL,"Gogebic 6","1642291764",NULL,"46.605271","-89.656593",NULL,NULL,"2022-01-16 00:09:24",NULL,"13.3",NULL,"1",NULL,"108","0","0","0","0"
"3266447",NULL,NULL,"Gogebic 6","1642291820",NULL,"46.607046","-89.658493",NULL,NULL,"2022-01-16 00:10:20",NULL,"13.3",NULL,"1",NULL,"108","0","0","0","0"
"3266448",NULL,NULL,"Gogebic 6","1642291849",NULL,"46.607377","-89.660042",NULL,NULL,"2022-01-16 00:10:49",NULL,"13.3",NULL,"1",NULL,"108","0","0","0","0"
"3266449",NULL,NULL,"Gogebic 6","1642291880",NULL,"46.607196","-89.661733",NULL,NULL,"2022-01-16 00:11:20",NULL,"13.3",NULL,"1",NULL,"108","0","0","0","0"
"3266915",NULL,NULL,"Gogebic 6","1642291900",NULL,"46.607495","-89.662893",NULL,NULL,"2022-01-16 00:11:40",NULL,"13.3",NULL,"1",NULL,"108","0","0","0","0"
"3266916",NULL,NULL,"Gogebic 6","1642291938",NULL,"46.608754","-89.663961",NULL,NULL,"2022-01-16 00:12:18",NULL,"13.3",NULL,"1",NULL,"108","0","0","0","0"
"3266917",NULL,NULL,"Gogebic 6","1642291940",NULL,"46.608702","-89.664053",NULL,NULL,"2022-01-16 00:12:20",NULL,"13.3",NULL,"1",NULL,"108","0","0","0","0"
"3266918",NULL,NULL,"Gogebic 6","1642291970",NULL,"46.608466","-89.665645",NULL,NULL,"2022-01-16 00:12:50",NULL,"13.3",NULL,"1",NULL,"108","0","0","0","0"
"3266919",NULL,NULL,"Gogebic 6","1642292079",NULL,"46.61092","-89.670737",NULL,NULL,"2022-01-16 00:14:39",NULL,"13.3",NULL,"1",NULL,"108","0","0","0","0"
"3266920",NULL,NULL,"Gogebic 6","1642292180",NULL,"46.615388","-89.670795",NULL,NULL,"2022-01-16 00:16:20",NULL,"13.3",NULL,"1",NULL,"108","0","0","0","0"
"3266921",NULL,NULL,"Gogebic 6","1642292240",NULL,"46.616488","-89.672559",NULL,NULL,"2022-01-16 00:17:20",NULL,"13.3",NULL,"1",NULL,"108","0","0","0","0"
"3266922",NULL,NULL,"Gogebic 6","1642292300",NULL,"46.61766","-89.673968",NULL,NULL,"2022-01-16 00:18:20",NULL,"13.3",NULL,"1",NULL,"108","0","0","0","0"
"3266923",NULL,NULL,"Gogebic 6","1642292420",NULL,"46.620429","-89.670072",NULL,NULL,"2022-01-16 00:20:20",NULL,"13.3",NULL,"1",NULL,"108","0","0","0","0"
"3266924",NULL,NULL,"Gogebic 6","1642292480",NULL,"46.621918","-89.669918",NULL,NULL,"2022-01-16 00:21:20",NULL,"13.3",NULL,"1",NULL,"108","0","0","0","0"
"3266925",NULL,NULL,"Gogebic 6","1642292546",NULL,"46.623055","-89.670502",NULL,NULL,"2022-01-16 00:22:26",NULL,"13.3",NULL,"1",NULL,"108","0","0","0","0"
"3266926",NULL,NULL,"Gogebic 6","1642292660",NULL,"46.622711","-89.675885",NULL,NULL,"2022-01-16 00:24:20",NULL,"13.3",NULL,"1",NULL,"108","0","0","0","0"
"3266927",NULL,NULL,"Gogebic 6","1642292703",NULL,"46.621798","-89.677206",NULL,NULL,"2022-01-16 00:25:03",NULL,"13.3",NULL,"1",NULL,"108","0","0","0","0"
"3266928",NULL,NULL,"Gogebic 6","1642292738",NULL,"46.621502","-89.678367",NULL,NULL,"2022-01-16 00:25:38",NULL,"13.3",NULL,"1",NULL,"108","0","0","0","0"
"3266929",NULL,NULL,"Gogebic 6","1642292840",NULL,"46.624552","-89.680079",NULL,NULL,"2022-01-16 00:27:20",NULL,"13.3",NULL,"1",NULL,"108","0","0","0","0"
"3266930",NULL,NULL,"Gogebic 6","1642292847",NULL,"46.624621","-89.680459",NULL,NULL,"2022-01-16 00:27:27",NULL,"13.3",NULL,"1",NULL,"108","0","0","0","0"
"3266931",NULL,NULL,"Gogebic 6","1642293020",NULL,"46.624222","-89.690049",NULL,NULL,"2022-01-16 00:30:20",NULL,"13.3",NULL,"1",NULL,"108","0","0","0","0"
"3266932",NULL,NULL,"Gogebic 6","1642293036",NULL,"46.624038","-89.690325",NULL,NULL,"2022-01-16 00:30:36",NULL,"13.3",NULL,"1",NULL,"108","0","0","0","0"
"3266933",NULL,NULL,"Gogebic 6","1642293140",NULL,"46.620203","-89.692566",NULL,NULL,"2022-01-16 00:32:20",NULL,"13.3",NULL,"1",NULL,"108","0","0","0","0"
"3266934",NULL,NULL,"Gogebic 6","1642293200",NULL,"46.617925","-89.692649",NULL,NULL,"2022-01-16 00:33:20",NULL,"13.3",NULL,"1",NULL,"108","0","0","0","0"
"3266935",NULL,NULL,"Gogebic 6","1642293260",NULL,"46.61535","-89.692496",NULL,NULL,"2022-01-16 00:34:20",NULL,"13.3",NULL,"1",NULL,"108","0","0","0","0"
"3266936",NULL,NULL,"Gogebic 6","1642293286",NULL,"46.61461","-89.692807",NULL,NULL,"2022-01-16 00:34:46",NULL,"13.3",NULL,"1",NULL,"108","0","0","0","0"
"3266937",NULL,NULL,"Gogebic 6","1642293320",NULL,"46.614647","-89.69482",NULL,NULL,"2022-01-16 00:35:20",NULL,"13.3",NULL,"1",NULL,"108","0","0","0","0"
"3267002",NULL,NULL,"Gogebic 6","1642293380",NULL,"46.614458","-89.698193",NULL,NULL,"2022-01-16 00:36:20",NULL,"13.3",NULL,"1",NULL,"108","0","0","0","0"
"3267003",NULL,NULL,"Gogebic 6","1642293388",NULL,"46.614584","-89.69852",NULL,NULL,"2022-01-16 00:36:28",NULL,"13.3",NULL,"1",NULL,"108","0","0","0","0"
"3267004",NULL,NULL,"Gogebic 6","1642293407",NULL,"46.614743","-89.699358",NULL,NULL,"2022-01-16 00:36:47",NULL,"13.3",NULL,"1",NULL,"108","0","0","0","0"
"3267005",NULL,NULL,"Gogebic 6","1642293440",NULL,"46.615212","-89.700915",NULL,NULL,"2022-01-16 00:37:20",NULL,"13.3",NULL,"1",NULL,"108","0","0","0","0"
"3267006",NULL,NULL,"Gogebic 6","1642293500",NULL,"46.614754","-89.703864",NULL,NULL,"2022-01-16 00:38:20",NULL,"13.3",NULL,"1",NULL,"108","0","0","0","0"
"3267468",NULL,NULL,"Gogebic 6","1642293560",NULL,"46.614609","-89.706886",NULL,NULL,"2022-01-16 00:39:20",NULL,"13.3",NULL,"1",NULL,"108","0","0","0","0"
"3267469",NULL,NULL,"Gogebic 6","1642293597",NULL,"46.614759","-89.708326",NULL,NULL,"2022-01-16 00:39:57",NULL,"13.3",NULL,"1",NULL,"108","0","0","0","0"
"3272035",NULL,NULL,"Gogebic 6","1642293980",NULL,"46.618996","-89.71528",NULL,NULL,"2022-01-16 00:46:20",NULL,"13.3",NULL,"1",NULL,"108","0","0","0","0"
"3272036",NULL,NULL,"Gogebic 6","1642294000",NULL,"46.619237","-89.716399",NULL,NULL,"2022-01-16 00:46:40",NULL,"13.3",NULL,"1",NULL,"108","0","0","0","0"
"3272037",NULL,NULL,"Gogebic 6","1642294040",NULL,"46.620751","-89.717586",NULL,NULL,"2022-01-16 00:47:20",NULL,"13.3",NULL,"1",NULL,"108","0","0","0","0"
"3272038",NULL,NULL,"Gogebic 6","1642294086",NULL,"46.621295","-89.720122",NULL,NULL,"2022-01-16 00:48:06",NULL,"13.3",NULL,"1",NULL,"108","0","0","0","0"
"3272039",NULL,NULL,"Gogebic 6","1642294121",NULL,"46.620139","-89.720966",NULL,NULL,"2022-01-16 00:48:41",NULL,"13.3",NULL,"1",NULL,"108","0","0","0","0"
"3272040",NULL,NULL,"Gogebic 6","1642294604",NULL,"46.621738","-89.73933",NULL,NULL,"2022-01-16 00:56:44",NULL,"13.4",NULL,"1",NULL,"108","0","0","0","0"
"3272041",NULL,NULL,"Gogebic 6","1642294700",NULL,"46.623118","-89.738421",NULL,NULL,"2022-01-16 00:58:20",NULL,"13.3",NULL,"1",NULL,"108","0","0","0","0"
"3272042",NULL,NULL,"Gogebic 6","1642294724",NULL,"46.623713","-89.738255",NULL,NULL,"2022-01-16 00:58:44",NULL,"13.3",NULL,"1",NULL,"108","0","0","0","0"
"3272043",NULL,NULL,"Gogebic 6","1642294800",NULL,"46.626197","-89.737208",NULL,NULL,"2022-01-16 01:00:00",NULL,"13.3",NULL,"1",NULL,"108","0","0","0","0"
"3272044",NULL,NULL,"Gogebic 6","1642294830",NULL,"46.627007","-89.738338",NULL,NULL,"2022-01-16 01:00:30",NULL,"13.4",NULL,"1",NULL,"108","0","0","0","0"
"3272045",NULL,NULL,"Gogebic 6","1642294875",NULL,"46.627813","-89.739191",NULL,NULL,"2022-01-16 01:01:15",NULL,"13.3",NULL,"1",NULL,"108","0","0","0","0"
"3272046",NULL,NULL,"Gogebic 6","1642294940",NULL,"46.626257","-89.74188",NULL,NULL,"2022-01-16 01:02:20",NULL,"13.4",NULL,"1",NULL,"108","0","0","0","0"
"3272047",NULL,NULL,"Gogebic 6","1642295060",NULL,"46.624979","-89.748792",NULL,NULL,"2022-01-16 01:04:20",NULL,"13.4",NULL,"1",NULL,"108","0","0","0","0"
"3272048",NULL,NULL,"Gogebic 6","1642295120",NULL,"46.625024","-89.750552",NULL,NULL,"2022-01-16 01:05:20",NULL,"13.4",NULL,"1",NULL,"108","0","0","0","0"
"3272049",NULL,NULL,"Gogebic 6","1642295180",NULL,"46.627525","-89.750846",NULL,NULL,"2022-01-16 01:06:20",NULL,"13.3",NULL,"1",NULL,"108","0","0","0","0"
"3272050",NULL,NULL,"Gogebic 6","1642295305",NULL,"46.63275","-89.749775",NULL,NULL,"2022-01-16 01:08:25",NULL,"13.4",NULL,"1",NULL,"108","0","0","0","0"
"3272051",NULL,NULL,"Gogebic 6","1642295360",NULL,"46.634959","-89.74939",NULL,NULL,"2022-01-16 01:09:20",NULL,"13.3",NULL,"1",NULL,"108","0","0","0","0"
"3272052",NULL,NULL,"Gogebic 6","1642295409",NULL,"46.63709","-89.749523",NULL,NULL,"2022-01-16 01:10:09",NULL,"13.3",NULL,"1",NULL,"108","0","0","0","0"
"3272053",NULL,NULL,"Gogebic 6","1642295480",NULL,"46.639811","-89.750513",NULL,NULL,"2022-01-16 01:11:20",NULL,"13.3",NULL,"1",NULL,"108","0","0","0","0"
"3272054",NULL,NULL,"Gogebic 6","1642295482",NULL,"46.639844","-89.750605",NULL,NULL,"2022-01-16 01:11:22",NULL,"13.3",NULL,"1",NULL,"108","0","0","0","0"
"3272055",NULL,NULL,"Gogebic 6","1642295600",NULL,"46.640695","-89.757982",NULL,NULL,"2022-01-16 01:13:20",NULL,"13.3",NULL,"1",NULL,"108","0","0","0","0"
"3272056",NULL,NULL,"Gogebic 6","1642295660",NULL,"46.640942","-89.761469",NULL,NULL,"2022-01-16 01:14:20",NULL,"13.4",NULL,"1",NULL,"108","0","0","0","0"
"3272057",NULL,NULL,"Gogebic 6","1642295720",NULL,"46.640119","-89.764577",NULL,NULL,"2022-01-16 01:15:20",NULL,"13.4",NULL,"1",NULL,"108","0","0","0","0"
"3272058",NULL,NULL,"Gogebic 6","1642295792",NULL,"46.64004","-89.768849",NULL,NULL,"2022-01-16 01:16:32",NULL,"13.4",NULL,"1",NULL,"108","0","0","0","0"
"3272059",NULL,NULL,"Gogebic 6","1642295849",NULL,"46.640612","-89.770236",NULL,NULL,"2022-01-16 01:17:29",NULL,"13.3",NULL,"1",NULL,"108","0","0","0","0"
"3272060",NULL,NULL,"Gogebic 6","1642295912",NULL,"46.643004","-89.769407",NULL,NULL,"2022-01-16 01:18:32",NULL,"13.3",NULL,"1",NULL,"108","0","0","0","0"
"3272061",NULL,NULL,"Gogebic 6","1642295960",NULL,"46.644994","-89.769669",NULL,NULL,"2022-01-16 01:19:20",NULL,"13.3",NULL,"1",NULL,"108","0","0","0","0"
"3272062",NULL,NULL,"Gogebic 6","1642296030",NULL,"46.647671","-89.770212",NULL,NULL,"2022-01-16 01:20:30",NULL,"13.3",NULL,"1",NULL,"108","0","0","0","0"
"3272063",NULL,NULL,"Gogebic 6","1642296140",NULL,"46.652079","-89.76889",NULL,NULL,"2022-01-16 01:22:20",NULL,"13.4",NULL,"1",NULL,"108","0","0","0","0"
"3272064",NULL,NULL,"Gogebic 6","1642296200",NULL,"46.654596","-89.768616",NULL,NULL,"2022-01-16 01:23:20",NULL,"13.3",NULL,"1",NULL,"108","0","0","0","0"
"3272065",NULL,NULL,"Gogebic 6","1642296260",NULL,"46.655121","-89.770098",NULL,NULL,"2022-01-16 01:24:20",NULL,"13.3",NULL,"1",NULL,"108","0","0","0","0"
"3272066",NULL,NULL,"Gogebic 6","1642296320",NULL,"46.654579","-89.772796",NULL,NULL,"2022-01-16 01:25:20",NULL,"13.4",NULL,"1",NULL,"108","0","0","0","0"
"3272067",NULL,NULL,"Gogebic 6","1642296380",NULL,"46.655851","-89.774777",NULL,NULL,"2022-01-16 01:26:20",NULL,"13.4",NULL,"1",NULL,"108","0","0","0","0"
"3272068",NULL,NULL,"Gogebic 6","1642296500",NULL,"46.660508","-89.775934",NULL,NULL,"2022-01-16 01:28:20",NULL,"13.4",NULL,"1",NULL,"108","0","0","0","0"
"3272069",NULL,NULL,"Gogebic 6","1642296560",NULL,"46.662858","-89.775975",NULL,NULL,"2022-01-16 01:29:20",NULL,"13.3",NULL,"1",NULL,"108","0","0","0","0"
"3272070",NULL,NULL,"Gogebic 6","1642296626",NULL,"46.665293","-89.776378",NULL,NULL,"2022-01-16 01:30:26",NULL,"13.3",NULL,"1",NULL,"108","0","0","0","0"
"3272071",NULL,NULL,"Gogebic 6","1642296740",NULL,"46.665392","-89.782997",NULL,NULL,"2022-01-16 01:32:20",NULL,"13.3",NULL,"1",NULL,"108","0","0","0","0"
"3272072",NULL,NULL,"Gogebic 6","1642296800",NULL,"46.665045","-89.786258",NULL,NULL,"2022-01-16 01:33:20",NULL,"13.3",NULL,"1",NULL,"108","0","0","0","0"
"3272073",NULL,NULL,"Gogebic 6","1642296860",NULL,"46.667335","-89.786995",NULL,NULL,"2022-01-16 01:34:20",NULL,"13.4",NULL,"1",NULL,"108","0","0","0","0"
"3272074",NULL,NULL,"Gogebic 6","1642296980",NULL,"46.672125","-89.787227",NULL,NULL,"2022-01-16 01:36:20",NULL,"13.3",NULL,"1",NULL,"108","0","0","0","0"
"3272075",NULL,NULL,"Gogebic 6","1642297040",NULL,"46.674479","-89.787283",NULL,NULL,"2022-01-16 01:37:20",NULL,"13.3",NULL,"1",NULL,"108","0","0","0","0"
"3272076",NULL,NULL,"Gogebic 6","1642297100",NULL,"46.676922","-89.787563",NULL,NULL,"2022-01-16 01:38:20",NULL,"13.4",NULL,"1",NULL,"108","0","0","0","0"
"3272077",NULL,NULL,"Gogebic 6","1642297160",NULL,"46.679406","-89.787837",NULL,NULL,"2022-01-16 01:39:20",NULL,"13.3",NULL,"1",NULL,"108","0","0","0","0"
"3272078",NULL,NULL,"Gogebic 6","1642297206",NULL,"46.681212","-89.787518",NULL,NULL,"2022-01-16 01:40:06",NULL,"13.3",NULL,"1",NULL,"108","0","0","0","0"
"3272079",NULL,NULL,"Gogebic 6","1642297220",NULL,"46.681713","-89.787096",NULL,NULL,"2022-01-16 01:40:20",NULL,"13.4",NULL,"1",NULL,"108","0","0","0","0"
"3272080",NULL,NULL,"Gogebic 6","1642297280",NULL,"46.684044","-89.786359",NULL,NULL,"2022-01-16 01:41:20",NULL,"13.3",NULL,"1",NULL,"108","0","0","0","0"
"3272081",NULL,NULL,"Gogebic 6","1642297340",NULL,"46.686671","-89.786261",NULL,NULL,"2022-01-16 01:42:20",NULL,"13.3",NULL,"1",NULL,"108","0","0","0","0"
"3272082",NULL,NULL,"Gogebic 6","1642297391",NULL,"46.687918","-89.787169",NULL,NULL,"2022-01-16 01:43:11",NULL,"13.3",NULL,"1",NULL,"108","0","0","0","0"
"3272083",NULL,NULL,"Gogebic 6","1642297400",NULL,"46.687999","-89.787591",NULL,NULL,"2022-01-16 01:43:20",NULL,"13.4",NULL,"1",NULL,"108","0","0","0","0"
"3272084",NULL,NULL,"Gogebic 6","1642297460",NULL,"46.688494","-89.790456",NULL,NULL,"2022-01-16 01:44:20",NULL,"13.4",NULL,"1",NULL,"108","0","0","0","0"
"3272085",NULL,NULL,"Gogebic 6","1642297520",NULL,"46.689182","-89.793804",NULL,NULL,"2022-01-16 01:45:20",NULL,"13.3",NULL,"1",NULL,"108","0","0","0","0"
"3272086",NULL,NULL,"Gogebic 6","1642297580",NULL,"46.688573","-89.796649",NULL,NULL,"2022-01-16 01:46:20",NULL,"13.3",NULL,"1",NULL,"108","0","0","0","0"
"3272087",NULL,NULL,"Gogebic 6","1642297608",NULL,"46.688004","-89.79721",NULL,NULL,"2022-01-16 01:46:48",NULL,"13.4",NULL,"1",NULL,"108","0","0","0","0"
"3272088",NULL,NULL,"Gogebic 6","1642297640",NULL,"46.687122","-89.796076",NULL,NULL,"2022-01-16 01:47:20",NULL,"13.3",NULL,"1",NULL,"108","0","0","0","0"
"3272089",NULL,NULL,"Gogebic 6","1642297641",NULL,"46.687079","-89.796081",NULL,NULL,"2022-01-16 01:47:21",NULL,"13.3",NULL,"1",NULL,"108","0","0","0","0"
"3272090",NULL,NULL,"Gogebic 6","1642297648",NULL,"46.686883","-89.796268",NULL,NULL,"2022-01-16 01:47:28",NULL,"13.3",NULL,"1",NULL,"108","0","0","0","0"
"3272091",NULL,NULL,"Gogebic 6","1642297700",NULL,"46.686819","-89.799193",NULL,NULL,"2022-01-16 01:48:20",NULL,"13.3",NULL,"1",NULL,"108","0","0","0","0"
"3272092",NULL,NULL,"Gogebic 6","1642297705",NULL,"46.686855","-89.79945",NULL,NULL,"2022-01-16 01:48:25",NULL,"13.3",NULL,"1",NULL,"108","0","0","0","0"
"3272093",NULL,NULL,"Gogebic 6","1642297760",NULL,"46.687168","-89.802797",NULL,NULL,"2022-01-16 01:49:20",NULL,"13.3",NULL,"1",NULL,"108","0","0","0","0"
"3272094",NULL,NULL,"Gogebic 6","1642297786",NULL,"46.687035","-89.804378",NULL,NULL,"2022-01-16 01:49:46",NULL,"13.3",NULL,"1",NULL,"108","0","0","0","0"
"3272095",NULL,NULL,"Gogebic 6","1642297820",NULL,"46.685723","-89.805155",NULL,NULL,"2022-01-16 01:50:20",NULL,"13.3",NULL,"1",NULL,"108","0","0","0","0"
"3272096",NULL,NULL,"Gogebic 6","1642297831",NULL,"46.685617","-89.805676",NULL,NULL,"2022-01-16 01:50:31",NULL,"13.4",NULL,"1",NULL,"108","0","0","0","0"
"3272097",NULL,NULL,"Gogebic 6","1642297880",NULL,"46.68666","-89.808137",NULL,NULL,"2022-01-16 01:51:20",NULL,"13.3",NULL,"1",NULL,"108","0","0","0","0"
"3272098",NULL,NULL,"Gogebic 6","1642297908",NULL,"46.686573","-89.809555",NULL,NULL,"2022-01-16 01:51:48",NULL,"13.4",NULL,"1",NULL,"108","0","0","0","0"
"3272099",NULL,NULL,"Gogebic 6","1642297940",NULL,"46.685819","-89.810729",NULL,NULL,"2022-01-16 01:52:20",NULL,"13.3",NULL,"1",NULL,"108","0","0","0","0"
"3272100",NULL,NULL,"Gogebic 6","1642297951",NULL,"46.685799","-89.811311",NULL,NULL,"2022-01-16 01:52:31",NULL,"13.3",NULL,"1",NULL,"108","0","0","0","0"
"3272101",NULL,NULL,"Gogebic 6","1642298000",NULL,"46.686107","-89.814326",NULL,NULL,"2022-01-16 01:53:20",NULL,"13.3",NULL,"1",NULL,"108","0","0","0","0"
"3272102",NULL,NULL,"Gogebic 6","1642298014",NULL,"46.686458","-89.814546",NULL,NULL,"2022-01-16 01:53:34",NULL,"13.3",NULL,"1",NULL,"108","0","0","0","0"
"3272103",NULL,NULL,"Gogebic 6","1642298120",NULL,"46.689948","-89.810255",NULL,NULL,"2022-01-16 01:55:20",NULL,"13.4",NULL,"1",NULL,"108","0","0","0","0"
"3272104",NULL,NULL,"Gogebic 6","1642298240",NULL,"46.69289","-89.804012",NULL,NULL,"2022-01-16 01:57:20",NULL,"13.3",NULL,"1",NULL,"108","0","0","0","0"
"3272105",NULL,NULL,"Gogebic 6","1642298300",NULL,"46.69417","-89.800599",NULL,NULL,"2022-01-16 01:58:20",NULL,"13.3",NULL,"1",NULL,"108","0","0","0","0"
"3272106",NULL,NULL,"Gogebic 6","1642298420",NULL,"46.698128","-89.795447",NULL,NULL,"2022-01-16 02:00:20",NULL,"13.4",NULL,"1",NULL,"108","0","0","0","0"
"3272107",NULL,NULL,"Gogebic 6","1642298540",NULL,"46.701956","-89.789712",NULL,NULL,"2022-01-16 02:02:20",NULL,"13.3",NULL,"1",NULL,"108","0","0","0","0"
"3272108",NULL,NULL,"Gogebic 6","1642298600",NULL,"46.703335","-89.787026",NULL,NULL,"2022-01-16 02:03:20",NULL,"13.3",NULL,"1",NULL,"108","0","0","0","0"
"3272109",NULL,NULL,"Gogebic 6","1642298660",NULL,"46.705189","-89.78686",NULL,NULL,"2022-01-16 02:04:20",NULL,"13.4",NULL,"1",NULL,"108","0","0","0","0"
"3272110",NULL,NULL,"Gogebic 6","1642298780",NULL,"46.708509","-89.793026",NULL,NULL,"2022-01-16 02:06:20",NULL,"13.4",NULL,"1",NULL,"108","0","0","0","0"
"3272111",NULL,NULL,"Gogebic 6","1642298840",NULL,"46.710038","-89.79609",NULL,NULL,"2022-01-16 02:07:20",NULL,"13.3",NULL,"1",NULL,"108","0","0","0","0"
"3272112",NULL,NULL,"Gogebic 6","1642298900",NULL,"46.710679","-89.797326",NULL,NULL,"2022-01-16 02:08:20",NULL,"13.4",NULL,"1",NULL,"108","0","0","0","0"
"3272113",NULL,NULL,"Gogebic 6","1642298960",NULL,"46.710449","-89.79691",NULL,NULL,"2022-01-16 02:09:20",NULL,"13.3",NULL,"1",NULL,"108","0","0","0","0"
"3272114",NULL,NULL,"Gogebic 6","1642299440",NULL,"46.710296","-89.796611",NULL,NULL,"2022-01-16 02:17:20",NULL,"13.3",NULL,"1",NULL,"108","0","0","0","0"
"3272115",NULL,NULL,"Gogebic 6","1642299453",NULL,"46.710105","-89.796239",NULL,NULL,"2022-01-16 02:17:33",NULL,"13.4",NULL,"1",NULL,"108","0","0","0","0"
"3272116",NULL,NULL,"Gogebic 6","1642299500",NULL,"46.708945","-89.793887",NULL,NULL,"2022-01-16 02:18:20",NULL,"13.4",NULL,"1",NULL,"108","0","0","0","0"
"3272117",NULL,NULL,"Gogebic 6","1642299560",NULL,"46.707191","-89.790602",NULL,NULL,"2022-01-16 02:19:20",NULL,"13.3",NULL,"1",NULL,"108","0","0","0","0"
"3272118",NULL,NULL,"Gogebic 6","1642299620",NULL,"46.705371","-89.787262",NULL,NULL,"2022-01-16 02:20:20",NULL,"13.3",NULL,"1",NULL,"108","0","0","0","0"
"3272119",NULL,NULL,"Gogebic 6","1642299680",NULL,"46.703501","-89.786997",NULL,NULL,"2022-01-16 02:21:20",NULL,"13.3",NULL,"1",NULL,"108","0","0","0","0"
"3272120",NULL,NULL,"Gogebic 6","1642299740",NULL,"46.701794","-89.789818",NULL,NULL,"2022-01-16 02:22:20",NULL,"13.3",NULL,"1",NULL,"108","0","0","0","0"
"3272121",NULL,NULL,"Gogebic 6","1642299800",NULL,"46.699834","-89.792864",NULL,NULL,"2022-01-16 02:23:20",NULL,"13.3",NULL,"1",NULL,"108","0","0","0","0"
"3272122",NULL,NULL,"Gogebic 6","1642299860",NULL,"46.697821","-89.795867",NULL,NULL,"2022-01-16 02:24:20",NULL,"13.3",NULL,"1",NULL,"108","0","0","0","0"
"3272123",NULL,NULL,"Gogebic 6","1642299920",NULL,"46.695694","-89.798573",NULL,NULL,"2022-01-16 02:25:20",NULL,"13.3",NULL,"1",NULL,"108","0","0","0","0"
"3272124",NULL,NULL,"Gogebic 6","1642299980",NULL,"46.693934","-89.801668",NULL,NULL,"2022-01-16 02:26:20",NULL,"13.4",NULL,"1",NULL,"108","0","0","0","0"
"3272125",NULL,NULL,"Gogebic 6","1642300040",NULL,"46.692305","-89.804975",NULL,NULL,"2022-01-16 02:27:20",NULL,"13.3",NULL,"1",NULL,"108","0","0","0","0"
"3272126",NULL,NULL,"Gogebic 6","1642300100",NULL,"46.690885","-89.808587",NULL,NULL,"2022-01-16 02:28:20",NULL,"13.4",NULL,"1",NULL,"108","0","0","0","0"
"3272127",NULL,NULL,"Gogebic 6","1642300220",NULL,"46.686701","-89.814214",NULL,NULL,"2022-01-16 02:30:20",NULL,"13.4",NULL,"1",NULL,"108","0","0","0","0"
"3272128",NULL,NULL,"Gogebic 6","1642300243",NULL,"46.686067","-89.81417",NULL,NULL,"2022-01-16 02:30:43",NULL,"13.4",NULL,"1",NULL,"108","0","0","0","0"
"3272129",NULL,NULL,"Gogebic 6","1642300280",NULL,"46.685821","-89.811718",NULL,NULL,"2022-01-16 02:31:20",NULL,"13.3",NULL,"1",NULL,"108","0","0","0","0"
"3272130",NULL,NULL,"Gogebic 6","1642300300",NULL,"46.685909","-89.810436",NULL,NULL,"2022-01-16 02:31:40",NULL,"13.3",NULL,"1",NULL,"108","0","0","0","0"
"3272131",NULL,NULL,"Gogebic 6","1642300340",NULL,"46.686701","-89.808382",NULL,NULL,"2022-01-16 02:32:20",NULL,"13.4",NULL,"1",NULL,"108","0","0","0","0"
"3272132",NULL,NULL,"Gogebic 6","1642300355",NULL,"46.686572","-89.807395",NULL,NULL,"2022-01-16 02:32:35",NULL,"13.4",NULL,"1",NULL,"108","0","0","0","0"
"3272133",NULL,NULL,"Gogebic 6","1642300399",NULL,"46.68576","-89.805192",NULL,NULL,"2022-01-16 02:33:19",NULL,"13.4",NULL,"1",NULL,"108","0","0","0","0"
"3272134",NULL,NULL,"Gogebic 6","1642300400",NULL,"46.685798","-89.805165",NULL,NULL,"2022-01-16 02:33:20",NULL,"13.3",NULL,"1",NULL,"108","0","0","0","0"
"3272135",NULL,NULL,"Gogebic 6","1642300440",NULL,"46.687189","-89.803875",NULL,NULL,"2022-01-16 02:34:00",NULL,"13.4",NULL,"1",NULL,"108","0","0","0","0"
"3272136",NULL,NULL,"Gogebic 6","1642300460",NULL,"46.68716","-89.802529",NULL,NULL,"2022-01-16 02:34:20",NULL,"13.3",NULL,"1",NULL,"108","0","0","0","0"
"3272137",NULL,NULL,"Gogebic 6","1642300520",NULL,"46.686914","-89.798567",NULL,NULL,"2022-01-16 02:35:20",NULL,"13.3",NULL,"1",NULL,"108","0","0","0","0"
"3272138",NULL,NULL,"Gogebic 6","1642300569",NULL,"46.687249","-89.796137",NULL,NULL,"2022-01-16 02:36:09",NULL,"13.3",NULL,"1",NULL,"108","0","0","0","0"
"3272139",NULL,NULL,"Gogebic 6","1642300580",NULL,"46.687642","-89.796467",NULL,NULL,"2022-01-16 02:36:20",NULL,"13.3",NULL,"1",NULL,"108","0","0","0","0"
"3272140",NULL,NULL,"Gogebic 6","1642300592",NULL,"46.687931","-89.797071",NULL,NULL,"2022-01-16 02:36:32",NULL,"13.3",NULL,"1",NULL,"108","0","0","0","0"
"3272141",NULL,NULL,"Gogebic 6","1642300604",NULL,"46.688268","-89.797374",NULL,NULL,"2022-01-16 02:36:44",NULL,"13.4",NULL,"1",NULL,"108","0","0","0","0"
"3272142",NULL,NULL,"Gogebic 6","1642300615",NULL,"46.688523","-89.796874",NULL,NULL,"2022-01-16 02:36:55",NULL,"13.3",NULL,"1",NULL,"108","0","0","0","0"
"3272143",NULL,NULL,"Gogebic 6","1642300631",NULL,"46.688828","-89.796286",NULL,NULL,"2022-01-16 02:37:11",NULL,"13.3",NULL,"1",NULL,"108","0","0","0","0"
"3272144",NULL,NULL,"Gogebic 6","1642300640",NULL,"46.689017","-89.796013",NULL,NULL,"2022-01-16 02:37:20",NULL,"13.3",NULL,"1",NULL,"108","0","0","0","0"
"3272145",NULL,NULL,"Gogebic 6","1642300700",NULL,"46.689035","-89.7921",NULL,NULL,"2022-01-16 02:38:20",NULL,"13.4",NULL,"1",NULL,"108","0","0","0","0"
"3272146",NULL,NULL,"Gogebic 6","1642300719",NULL,"46.688718","-89.790965",NULL,NULL,"2022-01-16 02:38:39",NULL,"13.4",NULL,"1",NULL,"108","0","0","0","0"
"3272147",NULL,NULL,"Gogebic 6","1642300734",NULL,"46.688515","-89.790162",NULL,NULL,"2022-01-16 02:38:54",NULL,"13.3",NULL,"1",NULL,"108","0","0","0","0"
"3272148",NULL,NULL,"Gogebic 6","1642300757",NULL,"46.68867","-89.788793",NULL,NULL,"2022-01-16 02:39:17",NULL,"13.3",NULL,"1",NULL,"108","0","0","0","0"
"3272149",NULL,NULL,"Gogebic 6","1642300760",NULL,"46.688582","-89.788668",NULL,NULL,"2022-01-16 02:39:20",NULL,"13.3",NULL,"1",NULL,"108","0","0","0","0"
"3272150",NULL,NULL,"Gogebic 6","1642300812",NULL,"46.687634","-89.786312",NULL,NULL,"2022-01-16 02:40:12",NULL,"13.4",NULL,"1",NULL,"108","0","0","0","0"
"3272151",NULL,NULL,"Gogebic 6","1642300820",NULL,"46.687279","-89.786292",NULL,NULL,"2022-01-16 02:40:20",NULL,"13.4",NULL,"1",NULL,"108","0","0","0","0"
"3272152",NULL,NULL,"Gogebic 6","1642300879",NULL,"46.684558","-89.786323",NULL,NULL,"2022-01-16 02:41:19",NULL,"13.3",NULL,"1",NULL,"108","0","0","0","0"
"3272153",NULL,NULL,"Gogebic 6","1642300939",NULL,"46.681898","-89.787021",NULL,NULL,"2022-01-16 02:42:19",NULL,"13.4",NULL,"1",NULL,"108","0","0","0","0"
"3272154",NULL,NULL,"Gogebic 6","1642300999",NULL,"46.679362","-89.787783",NULL,NULL,"2022-01-16 02:43:19",NULL,"13.3",NULL,"1",NULL,"108","0","0","0","0"
"3272155",NULL,NULL,"Gogebic 6","1642301059",NULL,"46.676599","-89.787533",NULL,NULL,"2022-01-16 02:44:19",NULL,"13.3",NULL,"1",NULL,"108","0","0","0","0"
"3272156",NULL,NULL,"Gogebic 6","1642301119",NULL,"46.673813","-89.787289",NULL,NULL,"2022-01-16 02:45:19",NULL,"13.4",NULL,"1",NULL,"108","0","0","0","0"
"3272157",NULL,NULL,"Gogebic 6","1642301179",NULL,"46.671043","-89.787218",NULL,NULL,"2022-01-16 02:46:19",NULL,"13.4",NULL,"1",NULL,"108","0","0","0","0"
"3272158",NULL,NULL,"Gogebic 6","1642301239",NULL,"46.668207","-89.78713",NULL,NULL,"2022-01-16 02:47:19",NULL,"13.3",NULL,"1",NULL,"108","0","0","0","0"
"3272159",NULL,NULL,"Gogebic 6","1642301299",NULL,"46.665501","-89.786626",NULL,NULL,"2022-01-16 02:48:19",NULL,"13.3",NULL,"1",NULL,"108","0","0","0","0"
"3272160",NULL,NULL,"Gogebic 6","1642301314",NULL,"46.664983","-89.786127",NULL,NULL,"2022-01-16 02:48:34",NULL,"13.3",NULL,"1",NULL,"108","0","0","0","0"
"3272161",NULL,NULL,"Gogebic 6","1642301327",NULL,"46.664972","-89.785454",NULL,NULL,"2022-01-16 02:48:47",NULL,"13.3",NULL,"1",NULL,"108","0","0","0","0"
"3272162",NULL,NULL,"Gogebic 6","1642301359",NULL,"46.66537","-89.783488",NULL,NULL,"2022-01-16 02:49:19",NULL,"13.3",NULL,"1",NULL,"108","0","0","0","0"
"3272163",NULL,NULL,"Gogebic 6","1642301419",NULL,"46.665198","-89.779575",NULL,NULL,"2022-01-16 02:50:19",NULL,"13.3",NULL,"1",NULL,"108","0","0","0","0"
"3272164",NULL,NULL,"Gogebic 6","1642301472",NULL,"46.665242","-89.776163",NULL,NULL,"2022-01-16 02:51:12",NULL,"13.3",NULL,"1",NULL,"108","0","0","0","0"
"3272165",NULL,NULL,"Gogebic 6","1642301479",NULL,"46.664993","-89.775948",NULL,NULL,"2022-01-16 02:51:19",NULL,"13.3",NULL,"1",NULL,"108","0","0","0","0"
"3272166",NULL,NULL,"Gogebic 6","1642301481",NULL,"46.664915","-89.775928",NULL,NULL,"2022-01-16 02:51:21",NULL,"13.3",NULL,"1",NULL,"108","0","0","0","0"
"3272167",NULL,NULL,"Gogebic 6","1642301539",NULL,"46.662501","-89.775892",NULL,NULL,"2022-01-16 02:52:19",NULL,"13.3",NULL,"1",NULL,"108","0","0","0","0"
"3272168",NULL,NULL,"Gogebic 6","1642301599",NULL,"46.659839","-89.775926",NULL,NULL,"2022-01-16 02:53:19",NULL,"13.3",NULL,"1",NULL,"108","0","0","0","0"
"3272169",NULL,NULL,"Gogebic 6","1642301659",NULL,"46.657082","-89.775834",NULL,NULL,"2022-01-16 02:54:19",NULL,"13.3",NULL,"1",NULL,"108","0","0","0","0"
"3272170",NULL,NULL,"Gogebic 6","1642301719",NULL,"46.654703","-89.774473",NULL,NULL,"2022-01-16 02:55:19",NULL,"13.3",NULL,"1",NULL,"108","0","0","0","0"
"3272171",NULL,NULL,"Gogebic 6","1642301725",NULL,"46.654635","-89.774221",NULL,NULL,"2022-01-16 02:55:25",NULL,"13.3",NULL,"1",NULL,"108","0","0","0","0"
"3272172",NULL,NULL,"Gogebic 6","1642301779",NULL,"46.655","-89.771161",NULL,NULL,"2022-01-16 02:56:19",NULL,"13.3",NULL,"1",NULL,"108","0","0","0","0"
"3272173",NULL,NULL,"Gogebic 6","1642301839",NULL,"46.655005","-89.769663",NULL,NULL,"2022-01-16 02:57:19",NULL,"13.3",NULL,"1",NULL,"108","0","0","0","0"
"3272174",NULL,NULL,"Gogebic 6","1642301864",NULL,"46.654691","-89.76863",NULL,NULL,"2022-01-16 02:57:44",NULL,"13.4",NULL,"1",NULL,"108","0","0","0","0"
"3272175",NULL,NULL,"Gogebic 6","1642301899",NULL,"46.653169","-89.768773",NULL,NULL,"2022-01-16 02:58:19",NULL,"13.3",NULL,"1",NULL,"108","0","0","0","0"
"3272176",NULL,NULL,"Gogebic 6","1642301959",NULL,"46.650512","-89.769631",NULL,NULL,"2022-01-16 02:59:19",NULL,"13.3",NULL,"1",NULL,"108","0","0","0","0"
"3272177",NULL,NULL,"Gogebic 6","1642302019",NULL,"46.647864","-89.770133",NULL,NULL,"2022-01-16 03:00:19",NULL,"13.3",NULL,"1",NULL,"108","0","0","0","0"
"3272178",NULL,NULL,"Gogebic 6","1642302079",NULL,"46.645437","-89.769632",NULL,NULL,"2022-01-16 03:01:19",NULL,"13.4",NULL,"1",NULL,"108","0","0","0","0"
"3272179",NULL,NULL,"Gogebic 6","1642302139",NULL,"46.64274","-89.769236",NULL,NULL,"2022-01-16 03:02:19",NULL,"13.3",NULL,"1",NULL,"108","0","0","0","0"
"3272180",NULL,NULL,"Gogebic 6","1642302199",NULL,"46.640401","-89.770399",NULL,NULL,"2022-01-16 03:03:19",NULL,"13.3",NULL,"1",NULL,"108","0","0","0","0"
"3272181",NULL,NULL,"Gogebic 6","1642302232",NULL,"46.64031","-89.769748",NULL,NULL,"2022-01-16 03:03:52",NULL,"13.3",NULL,"1",NULL,"108","0","0","0","0"
"3272182",NULL,NULL,"Gogebic 6","1642302259",NULL,"46.639909","-89.768199",NULL,NULL,"2022-01-16 03:04:19",NULL,"13.3",NULL,"1",NULL,"108","0","0","0","0"
"3272183",NULL,NULL,"Gogebic 6","1642302319",NULL,"46.640125","-89.764127",NULL,NULL,"2022-01-16 03:05:19",NULL,"13.3",NULL,"1",NULL,"108","0","0","0","0"
"3272184",NULL,NULL,"Gogebic 6","1642302350",NULL,"46.640576","-89.762136",NULL,NULL,"2022-01-16 03:05:50",NULL,"13.4",NULL,"1",NULL,"108","0","0","0","0"
"3272185",NULL,NULL,"Gogebic 6","1642302379",NULL,"46.640961","-89.760516",NULL,NULL,"2022-01-16 03:06:19",NULL,"13.3",NULL,"1",NULL,"108","0","0","0","0"
"3272186",NULL,NULL,"Gogebic 6","1642302384",NULL,"46.640913","-89.760149",NULL,NULL,"2022-01-16 03:06:24",NULL,"13.3",NULL,"1",NULL,"108","0","0","0","0"
"3272187",NULL,NULL,"Gogebic 6","1642302439",NULL,"46.640291","-89.756453",NULL,NULL,"2022-01-16 03:07:19",NULL,"13.3",NULL,"1",NULL,"108","0","0","0","0"
"3272188",NULL,NULL,"Gogebic 6","1642302499",NULL,"46.639983","-89.752307",NULL,NULL,"2022-01-16 03:08:19",NULL,"13.4",NULL,"1",NULL,"108","0","0","0","0"
"3272189",NULL,NULL,"Gogebic 6","1642302530",NULL,"46.639706","-89.750389",NULL,NULL,"2022-01-16 03:08:50",NULL,"13.4",NULL,"1",NULL,"108","0","0","0","0"
"3272190",NULL,NULL,"Gogebic 6","1642302559",NULL,"46.638403","-89.750088",NULL,NULL,"2022-01-16 03:09:19",NULL,"13.3",NULL,"1",NULL,"108","0","0","0","0"
"3272191",NULL,NULL,"Gogebic 6","1642302619",NULL,"46.635556","-89.749307",NULL,NULL,"2022-01-16 03:10:19",NULL,"13.3",NULL,"1",NULL,"108","0","0","0","0"
"3272192",NULL,NULL,"Gogebic 6","1642302673",NULL,"46.63302","-89.749562",NULL,NULL,"2022-01-16 03:11:13",NULL,"13.4",NULL,"1",NULL,"108","0","0","0","0"
"3272193",NULL,NULL,"Gogebic 6","1642302679",NULL,"46.632779","-89.749799",NULL,NULL,"2022-01-16 03:11:19",NULL,"13.3",NULL,"1",NULL,"108","0","0","0","0"
"3272194",NULL,NULL,"Gogebic 6","1642302739",NULL,"46.630023","-89.750693",NULL,NULL,"2022-01-16 03:12:19",NULL,"13.3",NULL,"1",NULL,"108","0","0","0","0"
"3272195",NULL,NULL,"Gogebic 6","1642302799",NULL,"46.627243","-89.750643",NULL,NULL,"2022-01-16 03:13:19",NULL,"13.3",NULL,"1",NULL,"108","0","0","0","0"
"3272196",NULL,NULL,"Gogebic 6","1642302859",NULL,"46.624553","-89.750306",NULL,NULL,"2022-01-16 03:14:19",NULL,"13.3",NULL,"1",NULL,"108","0","0","0","0"
"3272197",NULL,NULL,"Gogebic 6","1642302874",NULL,"46.624677","-89.74984",NULL,NULL,"2022-01-16 03:14:34",NULL,"13.3",NULL,"1",NULL,"108","0","0","0","0"
"3272198",NULL,NULL,"Gogebic 6","1642302919",NULL,"46.625191","-89.747198",NULL,NULL,"2022-01-16 03:15:19",NULL,"13.3",NULL,"1",NULL,"108","0","0","0","0"
"3272199",NULL,NULL,"Gogebic 6","1642302979",NULL,"46.626112","-89.74364",NULL,NULL,"2022-01-16 03:16:19",NULL,"13.4",NULL,"1",NULL,"108","0","0","0","0"
"3272200",NULL,NULL,"Gogebic 6","1642303039",NULL,"46.627003","-89.740115",NULL,NULL,"2022-01-16 03:17:19",NULL,"13.3",NULL,"1",NULL,"108","0","0","0","0"
"3272201",NULL,NULL,"Gogebic 6","1642303080",NULL,"46.627918","-89.738597",NULL,NULL,"2022-01-16 03:18:00",NULL,"13.4",NULL,"1",NULL,"108","0","0","0","0"
"3272202",NULL,NULL,"Gogebic 6","1642303095",NULL,"46.627667","-89.738329",NULL,NULL,"2022-01-16 03:18:15",NULL,"13.4",NULL,"1",NULL,"108","0","0","0","0"
"3272203",NULL,NULL,"Gogebic 6","1642303099",NULL,"46.627497","-89.738335",NULL,NULL,"2022-01-16 03:18:19",NULL,"13.3",NULL,"1",NULL,"108","0","0","0","0"
"3272204",NULL,NULL,"Gogebic 6","1642303123",NULL,"46.626609","-89.737878",NULL,NULL,"2022-01-16 03:18:43",NULL,"13.3",NULL,"1",NULL,"108","0","0","0","0"
"3272289",NULL,NULL,"Gogebic 6","1642303146",NULL,"46.62603","-89.73701",NULL,NULL,"2022-01-16 03:19:06",NULL,"13.4",NULL,"1",NULL,"108","0","0","0","0"
"3272290",NULL,NULL,"Gogebic 6","1642303159",NULL,"46.62558","-89.737492",NULL,NULL,"2022-01-16 03:19:19",NULL,"13.4",NULL,"1",NULL,"108","0","0","0","0"
"3272291",NULL,NULL,"Gogebic 6","1642303219",NULL,"46.623395","-89.738082",NULL,NULL,"2022-01-16 03:20:19",NULL,"13.4",NULL,"1",NULL,"108","0","0","0","0"
"3272292",NULL,NULL,"Gogebic 6","1642303279",NULL,"46.621189","-89.739273",NULL,NULL,"2022-01-16 03:21:19",NULL,"13.4",NULL,"1",NULL,"108","0","0","0","0"
"3272293",NULL,NULL,"Gogebic 6","1642303287",NULL,"46.621085","-89.738956",NULL,NULL,"2022-01-16 03:21:27",NULL,"13.4",NULL,"1",NULL,"108","0","0","0","0"
"3272294",NULL,NULL,"Gogebic 6","1642303339",NULL,"46.620271","-89.736164",NULL,NULL,"2022-01-16 03:22:19",NULL,"13.3",NULL,"1",NULL,"108","0","0","0","0"
"3272295",NULL,NULL,"Gogebic 6","1642303399",NULL,"46.620154","-89.732163",NULL,NULL,"2022-01-16 03:23:19",NULL,"13.3",NULL,"1",NULL,"108","0","0","0","0"
"3272296",NULL,NULL,"Gogebic 6","1642303459",NULL,"46.620384","-89.728167",NULL,NULL,"2022-01-16 03:24:19",NULL,"13.3",NULL,"1",NULL,"108","0","0","0","0"
"3272297",NULL,NULL,"Gogebic 6","1642303520",NULL,"46.620318","-89.724017",NULL,NULL,"2022-01-16 03:25:20",NULL,"13.3",NULL,"1",NULL,"108","0","0","0","0"
"3272298",NULL,NULL,"Gogebic 6","1642303580",NULL,"46.620347","-89.720478",NULL,NULL,"2022-01-16 03:26:20",NULL,"13.3",NULL,"1",NULL,"108","0","0","0","0"
"3272299",NULL,NULL,"Gogebic 6","1642303582",NULL,"46.620409","-89.720446",NULL,NULL,"2022-01-16 03:26:22",NULL,"13.3",NULL,"1",NULL,"108","0","0","0","0"
"3272300",NULL,NULL,"Gogebic 6","1642303610",NULL,"46.621446","-89.719827",NULL,NULL,"2022-01-16 03:26:50",NULL,"13.3",NULL,"1",NULL,"108","0","0","0","0"
"3272301",NULL,NULL,"Gogebic 6","1642303624",NULL,"46.621377","-89.718993",NULL,NULL,"2022-01-16 03:27:04",NULL,"13.3",NULL,"1",NULL,"108","0","0","0","0"
"3272302",NULL,NULL,"Gogebic 6","1642303640",NULL,"46.620988","-89.718127",NULL,NULL,"2022-01-16 03:27:20",NULL,"13.3",NULL,"1",NULL,"108","0","0","0","0"
"3272303",NULL,NULL,"Gogebic 6","1642303700",NULL,"46.619025","-89.715779",NULL,NULL,"2022-01-16 03:28:20",NULL,"13.4",NULL,"1",NULL,"108","0","0","0","0"
"3272304",NULL,NULL,"Gogebic 6","1642303760",NULL,"46.618604","-89.712161",NULL,NULL,"2022-01-16 03:29:20",NULL,"13.3",NULL,"1",NULL,"108","0","0","0","0"
"3272360",NULL,NULL,"Gogebic 6","1642303820",NULL,"46.617825","-89.709105",NULL,NULL,"2022-01-16 03:30:20",NULL,"13.3",NULL,"1",NULL,"108","0","0","0","0"
"3272361",NULL,NULL,"Gogebic 6","1642303828",NULL,"46.617589","-89.708962",NULL,NULL,"2022-01-16 03:30:28",NULL,"13.3",NULL,"1",NULL,"108","0","0","0","0"
"3272362",NULL,NULL,"Gogebic 6","1642303880",NULL,"46.6154","-89.708645",NULL,NULL,"2022-01-16 03:31:20",NULL,"13.3",NULL,"1",NULL,"108","0","0","0","0"
"3272363",NULL,NULL,"Gogebic 6","1642303940",NULL,"46.614587","-89.70658",NULL,NULL,"2022-01-16 03:32:20",NULL,"13.3",NULL,"1",NULL,"108","0","0","0","0"
"3272364",NULL,NULL,"Gogebic 6","1642304000",NULL,"46.614664","-89.703274",NULL,NULL,"2022-01-16 03:33:20",NULL,"13.3",NULL,"1",NULL,"108","0","0","0","0"
"3272422",NULL,NULL,"Gogebic 6","1642304060",NULL,"46.615032","-89.700288",NULL,NULL,"2022-01-16 03:34:20",NULL,"13.3",NULL,"1",NULL,"108","0","0","0","0"
"3272423",NULL,NULL,"Gogebic 6","1642304120",NULL,"46.61442","-89.697909",NULL,NULL,"2022-01-16 03:35:20",NULL,"13.3",NULL,"1",NULL,"108","0","0","0","0"
"3272424",NULL,NULL,"Gogebic 6","1642304180",NULL,"46.614553","-89.694332",NULL,NULL,"2022-01-16 03:36:20",NULL,"13.4",NULL,"1",NULL,"108","0","0","0","0"
"3272473",NULL,NULL,"Gogebic 6","1642304225",NULL,"46.614897","-89.692505",NULL,NULL,"2022-01-16 03:37:05",NULL,"13.3",NULL,"1",NULL,"108","0","0","0","0"
"3272474",NULL,NULL,"Gogebic 6","1642304240",NULL,"46.615471","-89.692608",NULL,NULL,"2022-01-16 03:37:20",NULL,"13.3",NULL,"1",NULL,"108","0","0","0","0"
"3272528",NULL,NULL,"Gogebic 6","1642304300",NULL,"46.618144","-89.69265",NULL,NULL,"2022-01-16 03:38:20",NULL,"13.3",NULL,"1",NULL,"108","0","0","0","0"
"3272529",NULL,NULL,"Gogebic 6","1642304349",NULL,"46.620136","-89.692684",NULL,NULL,"2022-01-16 03:39:09",NULL,"13.3",NULL,"1",NULL,"108","0","0","0","0"
"3272530",NULL,NULL,"Gogebic 6","1642304360",NULL,"46.620251","-89.692167",NULL,NULL,"2022-01-16 03:39:20",NULL,"13.3",NULL,"1",NULL,"108","0","0","0","0"
"3272531",NULL,NULL,"Gogebic 6","1642304385",NULL,"46.621248","-89.691368",NULL,NULL,"2022-01-16 03:39:45",NULL,"13.3",NULL,"1",NULL,"108","0","0","0","0"
"3272532",NULL,NULL,"Gogebic 6","1642304420",NULL,"46.622831","-89.69104",NULL,NULL,"2022-01-16 03:40:20",NULL,"13.3",NULL,"1",NULL,"108","0","0","0","0"
"3272533",NULL,NULL,"Gogebic 6","1642304455",NULL,"46.624215","-89.689883",NULL,NULL,"2022-01-16 03:40:55",NULL,"13.3",NULL,"1",NULL,"108","0","0","0","0"
"3272534",NULL,NULL,"Gogebic 6","1642304480",NULL,"46.624187","-89.688293",NULL,NULL,"2022-01-16 03:41:20",NULL,"13.3",NULL,"1",NULL,"108","0","0","0","0"
"3272535",NULL,NULL,"Gogebic 6","1642304540",NULL,"46.624453","-89.684423",NULL,NULL,"2022-01-16 03:42:20",NULL,"13.3",NULL,"1",NULL,"108","0","0","0","0"
"3272584",NULL,NULL,"Gogebic 6","1642304600",NULL,"46.624581","-89.680446",NULL,NULL,"2022-01-16 03:43:20",NULL,"13.3",NULL,"1",NULL,"108","0","0","0","0"
"3272585",NULL,NULL,"Gogebic 6","1642304610",NULL,"46.624458","-89.679888",NULL,NULL,"2022-01-16 03:43:30",NULL,"13.3",NULL,"1",NULL,"108","0","0","0","0"
"3272856",NULL,NULL,"Gogebic 6","1642304959",NULL,"46.623088","-89.673783",NULL,NULL,"2022-01-16 03:49:19",NULL,"13.3",NULL,"1",NULL,"108","0","0","0","0"
"3272857",NULL,NULL,"Gogebic 6","1642304960",NULL,"46.623087","-89.673719",NULL,NULL,"2022-01-16 03:49:20",NULL,"13.3",NULL,"1",NULL,"108","0","0","0","0"
"3272858",NULL,NULL,"Gogebic 6","1642305020",NULL,"46.62295","-89.669979",NULL,NULL,"2022-01-16 03:50:20",NULL,"13.3",NULL,"1",NULL,"108","0","0","0","0"
"3272859",NULL,NULL,"Gogebic 6","1642305051",NULL,"46.622471","-89.670114",NULL,NULL,"2022-01-16 03:50:51",NULL,"13.3",NULL,"1",NULL,"108","0","0","0","0"
"3272860",NULL,NULL,"Gogebic 6","1642305080",NULL,"46.621544","-89.669917",NULL,NULL,"2022-01-16 03:51:20",NULL,"13.3",NULL,"1",NULL,"108","0","0","0","0"
"3272861",NULL,NULL,"Gogebic 6","1642305140",NULL,"46.61991","-89.670379",NULL,NULL,"2022-01-16 03:52:20",NULL,"13.3",NULL,"1",NULL,"108","0","0","0","0"
"3272862",NULL,NULL,"Gogebic 6","1642305154",NULL,"46.619316","-89.670564",NULL,NULL,"2022-01-16 03:52:34",NULL,"13.3",NULL,"1",NULL,"108","0","0","0","0"
"3272863",NULL,NULL,"Gogebic 6","1642305173",NULL,"46.618963","-89.671647",NULL,NULL,"2022-01-16 03:52:53",NULL,"13.3",NULL,"1",NULL,"108","0","0","0","0"
"3272864",NULL,NULL,"Gogebic 6","1642305200",NULL,"46.618301","-89.673192",NULL,NULL,"2022-01-16 03:53:20",NULL,"13.3",NULL,"1",NULL,"108","0","0","0","0"
"3272865",NULL,NULL,"Gogebic 6","1642305226",NULL,"46.617532","-89.674129",NULL,NULL,"2022-01-16 03:53:46",NULL,"13.3",NULL,"1",NULL,"108","0","0","0","0"
"3272866",NULL,NULL,"Gogebic 6","1642305244",NULL,"46.616784","-89.674388",NULL,NULL,"2022-01-16 03:54:04",NULL,"13.3",NULL,"1",NULL,"108","0","0","0","0"
"3272867",NULL,NULL,"Gogebic 6","1642305252",NULL,"46.616573","-89.674039",NULL,NULL,"2022-01-16 03:54:12",NULL,"13.3",NULL,"1",NULL,"108","0","0","0","0"
"3272868",NULL,NULL,"Gogebic 6","1642305260",NULL,"46.616576","-89.673536",NULL,NULL,"2022-01-16 03:54:20",NULL,"13.3",NULL,"1",NULL,"108","0","0","0","0"
"3272869",NULL,NULL,"Gogebic 6","1642305312",NULL,"46.616187","-89.670526",NULL,NULL,"2022-01-16 03:55:12",NULL,"13.3",NULL,"1",NULL,"108","0","0","0","0"
"3272870",NULL,NULL,"Gogebic 6","1642305320",NULL,"46.615874","-89.670591",NULL,NULL,"2022-01-16 03:55:20",NULL,"13.3",NULL,"1",NULL,"108","0","0","0","0"
"3272871",NULL,NULL,"Gogebic 6","1642305380",NULL,"46.613332","-89.67067",NULL,NULL,"2022-01-16 03:56:20",NULL,"13.3",NULL,"1",NULL,"108","0","0","0","0"
"3272872",NULL,NULL,"Gogebic 6","1642305440",NULL,"46.610638","-89.67054",NULL,NULL,"2022-01-16 03:57:20",NULL,"13.3",NULL,"1",NULL,"108","0","0","0","0"
"3272873",NULL,NULL,"Gogebic 6","1642305500",NULL,"46.609655","-89.666977",NULL,NULL,"2022-01-16 03:58:20",NULL,"13.3",NULL,"1",NULL,"108","0","0","0","0"
"3272874",NULL,NULL,"Gogebic 6","1642305550",NULL,"46.60846","-89.664584",NULL,NULL,"2022-01-16 03:59:10",NULL,"13.3",NULL,"1",NULL,"108","0","0","0","0"
"3272875",NULL,NULL,"Gogebic 6","1642305560",NULL,"46.608722","-89.664131",NULL,NULL,"2022-01-16 03:59:20",NULL,"13.3",NULL,"1",NULL,"108","0","0","0","0"
"3272920",NULL,NULL,"Gogebic 6","1642305572",NULL,"46.608691","-89.663644",NULL,NULL,"2022-01-16 03:59:32",NULL,"13.3",NULL,"1",NULL,"108","0","0","0","0"
"3272921",NULL,NULL,"Gogebic 6","1642305620",NULL,"46.607283","-89.661878",NULL,NULL,"2022-01-16 04:00:20",NULL,"13.3",NULL,"1",NULL,"108","0","0","0","0"
"3272922",NULL,NULL,"Gogebic 6","1642305630",NULL,"46.607117","-89.6613",NULL,NULL,"2022-01-16 04:00:30",NULL,"13.3",NULL,"1",NULL,"108","0","0","0","0"
"3272923",NULL,NULL,"Gogebic 6","1642305680",NULL,"46.607044","-89.658426",NULL,NULL,"2022-01-16 04:01:20",NULL,"13.3",NULL,"1",NULL,"108","0","0","0","0"
"3272924",NULL,NULL,"Gogebic 6","1642305692",NULL,"46.60674","-89.657839",NULL,NULL,"2022-01-16 04:01:32",NULL,"13.3",NULL,"1",NULL,"108","0","0","0","0"
"3272925",NULL,NULL,"Gogebic 6","1642305740",NULL,"46.605368","-89.656314",NULL,NULL,"2022-01-16 04:02:20",NULL,"13.3",NULL,"1",NULL,"108","0","0","0","0"
"3272926",NULL,NULL,"Gogebic 6","1642305743",NULL,"46.605408","-89.6562",NULL,NULL,"2022-01-16 04:02:23",NULL,"13.3",NULL,"1",NULL,"108","0","0","0","0"
"3272927",NULL,NULL,"Gogebic 6","1642305790",NULL,"46.605757","-89.653301",NULL,NULL,"2022-01-16 04:03:10",NULL,"13.3",NULL,"1",NULL,"108","0","0","0","0"
"3272928",NULL,NULL,"Gogebic 6","1642305800",NULL,"46.605647","-89.652629",NULL,NULL,"2022-01-16 04:03:20",NULL,"13.3",NULL,"1",NULL,"108","0","0","0","0"
"3273002",NULL,NULL,"Gogebic 6","1642305829",NULL,"46.604883","-89.651059",NULL,NULL,"2022-01-16 04:03:49",NULL,"13.3",NULL,"1",NULL,"108","0","0","0","0"
"3273003",NULL,NULL,"Gogebic 6","1642305860",NULL,"46.603737","-89.650421",NULL,NULL,"2022-01-16 04:04:20",NULL,"13.3",NULL,"1",NULL,"108","0","0","0","0"
"3273004",NULL,NULL,"Gogebic 6","1642305880",NULL,"46.603298","-89.649212",NULL,NULL,"2022-01-16 04:04:40",NULL,"13.3",NULL,"1",NULL,"108","0","0","0","0"
"3273005",NULL,NULL,"Gogebic 6","1642305920",NULL,"46.602243","-89.646993",NULL,NULL,"2022-01-16 04:05:20",NULL,"13.3",NULL,"1",NULL,"108","0","0","0","0"
"3273006",NULL,NULL,"Gogebic 6","1642305980",NULL,"46.60183","-89.643225",NULL,NULL,"2022-01-16 04:06:20",NULL,"13.4",NULL,"1",NULL,"108","0","0","0","0"
"3273050",NULL,NULL,"Gogebic 6","1642306029",NULL,"46.602167","-89.640442",NULL,NULL,"2022-01-16 04:07:09",NULL,"13.3",NULL,"1",NULL,"108","0","0","0","0"
"3273051",NULL,NULL,"Gogebic 6","1642306040",NULL,"46.602548","-89.640058",NULL,NULL,"2022-01-16 04:07:20",NULL,"13.3",NULL,"1",NULL,"108","0","0","0","0"
"3273052",NULL,NULL,"Gogebic 6","1642306053",NULL,"46.602857","-89.639441",NULL,NULL,"2022-01-16 04:07:33",NULL,"13.3",NULL,"1",NULL,"108","0","0","0","0"
"3273053",NULL,NULL,"Gogebic 6","1642306100",NULL,"46.603052","-89.636409",NULL,NULL,"2022-01-16 04:08:20",NULL,"13.3",NULL,"1",NULL,"108","0","0","0","0"
"3273054",NULL,NULL,"Gogebic 6","1642306147",NULL,"46.603225","-89.634531",NULL,NULL,"2022-01-16 04:09:07",NULL,"13.3",NULL,"1",NULL,"108","0","0","0","0"
"3273055",NULL,NULL,"Gogebic 6","1642306160",NULL,"46.602821","-89.634131",NULL,NULL,"2022-01-16 04:09:20",NULL,"13.3",NULL,"1",NULL,"108","0","0","0","0"
"3273106",NULL,NULL,"Gogebic 6","1642306220",NULL,"46.600401","-89.632375",NULL,NULL,"2022-01-16 04:10:20",NULL,"13.3",NULL,"1",NULL,"108","0","0","0","0"
"3273107",NULL,NULL,"Gogebic 6","1642306280",NULL,"46.598011","-89.632562",NULL,NULL,"2022-01-16 04:11:20",NULL,"13.3",NULL,"1",NULL,"108","0","0","0","0"
"3273108",NULL,NULL,"Gogebic 6","1642306340",NULL,"46.595095","-89.633075",NULL,NULL,"2022-01-16 04:12:20",NULL,"13.3",NULL,"1",NULL,"108","0","0","0","0"
"3273160",NULL,NULL,"Gogebic 6","1642306400",NULL,"46.592315","-89.634359",NULL,NULL,"2022-01-16 04:13:20",NULL,"13.3",NULL,"1",NULL,"108","0","0","0","0"
"3273683",NULL,NULL,"Gogebic 6","1642307060",NULL,"46.591513","-89.63447",NULL,NULL,"2022-01-16 04:24:20",NULL,"13.3",NULL,"1",NULL,"108","0","0","0","0"
"3273684",NULL,NULL,"Gogebic 6","1642307098",NULL,"46.591902","-89.633897",NULL,NULL,"2022-01-16 04:24:58",NULL,"13.3",NULL,"1",NULL,"108","0","0","0","0"
"3273685",NULL,NULL,"Gogebic 6","1642307120",NULL,"46.592552","-89.632986",NULL,NULL,"2022-01-16 04:25:20",NULL,"13.3",NULL,"1",NULL,"108","0","0","0","0"
"3273686",NULL,NULL,"Gogebic 6","1642307180",NULL,"46.593969","-89.630134",NULL,NULL,"2022-01-16 04:26:20",NULL,"13.3",NULL,"1",NULL,"108","0","0","0","0"
"3273687",NULL,NULL,"Gogebic 6","1642307240",NULL,"46.594804","-89.627207",NULL,NULL,"2022-01-16 04:27:20",NULL,"13.3",NULL,"1",NULL,"108","0","0","0","0"
"3273688",NULL,NULL,"Gogebic 6","1642307300",NULL,"46.596766","-89.625373",NULL,NULL,"2022-01-16 04:28:20",NULL,"13.3",NULL,"1",NULL,"108","0","0","0","0"
"3273689",NULL,NULL,"Gogebic 6","1642307360",NULL,"46.597678","-89.622026",NULL,NULL,"2022-01-16 04:29:20",NULL,"13.3",NULL,"1",NULL,"108","0","0","0","0"
"3273690",NULL,NULL,"Gogebic 6","1642307420",NULL,"46.598245","-89.61881",NULL,NULL,"2022-01-16 04:30:20",NULL,"13.3",NULL,"1",NULL,"108","0","0","0","0"
"3273691",NULL,NULL,"Gogebic 6","1642307462",NULL,"46.598462","-89.616408",NULL,NULL,"2022-01-16 04:31:02",NULL,"13.3",NULL,"1",NULL,"108","0","0","0","0"
"3273692",NULL,NULL,"Gogebic 6","1642307480",NULL,"46.598466","-89.615401",NULL,NULL,"2022-01-16 04:31:20",NULL,"13.3",NULL,"1",NULL,"108","0","0","0","0"
"3273693",NULL,NULL,"Gogebic 6","1642307540",NULL,"46.598601","-89.612062",NULL,NULL,"2022-01-16 04:32:20",NULL,"13.3",NULL,"1",NULL,"108","0","0","0","0"
"3273694",NULL,NULL,"Gogebic 6","1642307600",NULL,"46.59869","-89.608618",NULL,NULL,"2022-01-16 04:33:20",NULL,"13.3",NULL,"1",NULL,"108","0","0","0","0"
"3273695",NULL,NULL,"Gogebic 6","1642307660",NULL,"46.598596","-89.605216",NULL,NULL,"2022-01-16 04:34:20",NULL,"13.4",NULL,"1",NULL,"108","0","0","0","0"
"3273696",NULL,NULL,"Gogebic 6","1642307720",NULL,"46.598575","-89.601725",NULL,NULL,"2022-01-16 04:35:20",NULL,"13.3",NULL,"1",NULL,"108","0","0","0","0"
"3273697",NULL,NULL,"Gogebic 6","1642307780",NULL,"46.599109","-89.600265",NULL,NULL,"2022-01-16 04:36:20",NULL,"13.4",NULL,"1",NULL,"108","0","0","0","0"
"3273698",NULL,NULL,"Gogebic 6","1642307797",NULL,"46.599577","-89.60027",NULL,NULL,"2022-01-16 04:36:37",NULL,"13.3",NULL,"1",NULL,"108","0","0","0","0"
"3273699",NULL,NULL,"Gogebic 6","1642307840",NULL,"46.60081","-89.600116",NULL,NULL,"2022-01-16 04:37:20",NULL,"13.3",NULL,"1",NULL,"108","0","0","0","0"
"3273700",NULL,NULL,"Gogebic 6","1642307900",NULL,"46.602604","-89.59937",NULL,NULL,"2022-01-16 04:38:20",NULL,"13.4",NULL,"1",NULL,"108","0","0","0","0"
"3273701",NULL,NULL,"Gogebic 6","1642307960",NULL,"46.603643","-89.597534",NULL,NULL,"2022-01-16 04:39:20",NULL,"13.4",NULL,"1",NULL,"108","0","0","0","0"
"3273702",NULL,NULL,"Gogebic 6","1642308020",NULL,"46.604981","-89.596787",NULL,NULL,"2022-01-16 04:40:20",NULL,"13.3",NULL,"1",NULL,"108","0","0","0","0"
"3273703",NULL,NULL,"Gogebic 6","1642308080",NULL,"46.606567","-89.596965",NULL,NULL,"2022-01-16 04:41:20",NULL,"13.3",NULL,"1",NULL,"108","0","0","0","0"
"3273704",NULL,NULL,"Gogebic 6","1642308135",NULL,"46.607005","-89.595102",NULL,NULL,"2022-01-16 04:42:15",NULL,"13.3",NULL,"1",NULL,"108","0","0","0","0"
"3273705",NULL,NULL,"Gogebic 6","1642308140",NULL,"46.607019","-89.594815",NULL,NULL,"2022-01-16 04:42:20",NULL,"13.3",NULL,"1",NULL,"108","0","0","0","0"
"3273706",NULL,NULL,"Gogebic 6","1642308183",NULL,"46.607445","-89.594358",NULL,NULL,"2022-01-16 04:43:03",NULL,"13.3",NULL,"1",NULL,"108","0","0","0","0"
"3273707",NULL,NULL,"Gogebic 6","1642308200",NULL,"46.60807","-89.594338",NULL,NULL,"2022-01-16 04:43:20",NULL,"13.3",NULL,"1",NULL,"108","0","0","0","0"
"3273708",NULL,NULL,"Gogebic 6","1642308260",NULL,"46.610414","-89.594312",NULL,NULL,"2022-01-16 04:44:20",NULL,"13.3",NULL,"1",NULL,"108","0","0","0","0"
"3273709",NULL,NULL,"Gogebic 6","1642308320",NULL,"46.612763","-89.594383",NULL,NULL,"2022-01-16 04:45:20",NULL,"13.3",NULL,"1",NULL,"108","0","0","0","0"
"3273710",NULL,NULL,"Gogebic 6","1642308380",NULL,"46.61481","-89.594147",NULL,NULL,"2022-01-16 04:46:20",NULL,"13.4",NULL,"1",NULL,"108","0","0","0","0"
"3273711",NULL,NULL,"Gogebic 6","1642308440",NULL,"46.616651","-89.593591",NULL,NULL,"2022-01-16 04:47:20",NULL,"13.3",NULL,"1",NULL,"108","0","0","0","0"
"3273712",NULL,NULL,"Gogebic 6","1642308494",NULL,"46.617613","-89.592065",NULL,NULL,"2022-01-16 04:48:14",NULL,"13.3",NULL,"1",NULL,"108","0","0","0","0"
"3273713",NULL,NULL,"Gogebic 6","1642308500",NULL,"46.617543","-89.591816",NULL,NULL,"2022-01-16 04:48:20",NULL,"13.3",NULL,"1",NULL,"108","0","0","0","0"
"3273714",NULL,NULL,"Gogebic 6","1642308503",NULL,"46.617474","-89.591721",NULL,NULL,"2022-01-16 04:48:23",NULL,"13.3",NULL,"1",NULL,"108","0","0","0","0"
"3273754",NULL,NULL,"Gogebic 6","1642308560",NULL,"46.616406","-89.589154",NULL,NULL,"2022-01-16 04:49:20",NULL,"13.3",NULL,"1",NULL,"108","0","0","0","0"
"3273755",NULL,NULL,"Gogebic 6","1642308567",NULL,"46.616401","-89.588757",NULL,NULL,"2022-01-16 04:49:27",NULL,"13.3",NULL,"1",NULL,"108","0","0","0","0"
"3273756",NULL,NULL,"Gogebic 6","1642308620",NULL,"46.616581","-89.585803",NULL,NULL,"2022-01-16 04:50:20",NULL,"13.3",NULL,"1",NULL,"108","0","0","0","0"
"3273757",NULL,NULL,"Gogebic 6","1642308680",NULL,"46.617501","-89.582873",NULL,NULL,"2022-01-16 04:51:20",NULL,"13.3",NULL,"1",NULL,"108","0","0","0","0"
"3273802",NULL,NULL,"Gogebic 6","1642308740",NULL,"46.617988","-89.579984",NULL,NULL,"2022-01-16 04:52:20",NULL,"13.3",NULL,"1",NULL,"108","0","0","0","0"
"3273803",NULL,NULL,"Gogebic 6","1642308800",NULL,"46.618707","-89.577551",NULL,NULL,"2022-01-16 04:53:20",NULL,"13.3",NULL,"1",NULL,"108","0","0","0","0"
"3273804",NULL,NULL,"Gogebic 6","1642308824",NULL,"46.619296","-89.576872",NULL,NULL,"2022-01-16 04:53:44",NULL,"13.3",NULL,"1",NULL,"108","0","0","0","0"
"3273805",NULL,NULL,"Gogebic 6","1642308860",NULL,"46.620198","-89.57573",NULL,NULL,"2022-01-16 04:54:20",NULL,"13.3",NULL,"1",NULL,"108","0","0","0","0"
"3273843",NULL,NULL,"Gogebic 6","1642308920",NULL,"46.620989","-89.574175",NULL,NULL,"2022-01-16 04:55:20",NULL,"13.3",NULL,"1",NULL,"108","0","0","0","0"
"3273844",NULL,NULL,"Gogebic 6","1642308974",NULL,"46.621317","-89.572939",NULL,NULL,"2022-01-16 04:56:14",NULL,"13.3",NULL,"1",NULL,"108","0","0","0","0"
"3273845",NULL,NULL,"Gogebic 6","1642308980",NULL,"46.621316","-89.57257",NULL,NULL,"2022-01-16 04:56:20",NULL,"13.3",NULL,"1",NULL,"108","0","0","0","0"
"3273846",NULL,NULL,"Gogebic 6","1642309040",NULL,"46.621309","-89.568964",NULL,NULL,"2022-01-16 04:57:20",NULL,"13.3",NULL,"1",NULL,"108","0","0","0","0"
"3273892",NULL,NULL,"Gogebic 6","1642309100",NULL,"46.6213","-89.565318",NULL,NULL,"2022-01-16 04:58:20",NULL,"13.3",NULL,"1",NULL,"108","0","0","0","0"
"3273893",NULL,NULL,"Gogebic 6","1642309160",NULL,"46.621318","-89.561469",NULL,NULL,"2022-01-16 04:59:20",NULL,"13.3",NULL,"1",NULL,"108","0","0","0","0"
"3273894",NULL,NULL,"Gogebic 6","1642309220",NULL,"46.621314","-89.557765",NULL,NULL,"2022-01-16 05:00:20",NULL,"13.3",NULL,"1",NULL,"108","0","0","0","0"
"3273927",NULL,NULL,"Gogebic 6","1642309280",NULL,"46.621317","-89.55423",NULL,NULL,"2022-01-16 05:01:20",NULL,"13.3",NULL,"1",NULL,"108","0","0","0","0"
"3273928",NULL,NULL,"Gogebic 6","1642309314",NULL,"46.621606","-89.552633",NULL,NULL,"2022-01-16 05:01:54",NULL,"13.3",NULL,"1",NULL,"108","0","0","0","0"
"3273929",NULL,NULL,"Gogebic 6","1642309340",NULL,"46.622646","-89.552607",NULL,NULL,"2022-01-16 05:02:20",NULL,"13.3",NULL,"1",NULL,"108","0","0","0","0"
"3273930",NULL,NULL,"Gogebic 6","1642309400",NULL,"46.625122","-89.55261",NULL,NULL,"2022-01-16 05:03:20",NULL,"13.3",NULL,"1",NULL,"108","0","0","0","0"
"3273970",NULL,NULL,"Gogebic 6","1642309460",NULL,"46.627614","-89.55264",NULL,NULL,"2022-01-16 05:04:20",NULL,"13.3",NULL,"1",NULL,"108","0","0","0","0"
"3273971",NULL,NULL,"Gogebic 6","1642309520",NULL,"46.629962","-89.552638",NULL,NULL,"2022-01-16 05:05:20",NULL,"13.3",NULL,"1",NULL,"108","0","0","0","0"
"3273972",NULL,NULL,"Gogebic 6","1642309580",NULL,"46.63238","-89.552659",NULL,NULL,"2022-01-16 05:06:20",NULL,"13.3",NULL,"1",NULL,"108","0","0","0","0"
"3274014",NULL,NULL,"Gogebic 6","1642309640",NULL,"46.634809","-89.552662",NULL,NULL,"2022-01-16 05:07:20",NULL,"13.3",NULL,"1",NULL,"108","0","0","0","0"
"3274015",NULL,NULL,"Gogebic 6","1642309700",NULL,"46.637267","-89.552651",NULL,NULL,"2022-01-16 05:08:20",NULL,"13.3",NULL,"1",NULL,"108","0","0","0","0"
"3274016",NULL,NULL,"Gogebic 6","1642309760",NULL,"46.639576","-89.552667",NULL,NULL,"2022-01-16 05:09:20",NULL,"13.3",NULL,"1",NULL,"108","0","0","0","0"
"3274060",NULL,NULL,"Gogebic 6","1642309820",NULL,"46.641864","-89.552667",NULL,NULL,"2022-01-16 05:10:20",NULL,"13.3",NULL,"1",NULL,"108","0","0","0","0"
"3274061",NULL,NULL,"Gogebic 6","1642309880",NULL,"46.644193","-89.552678",NULL,NULL,"2022-01-16 05:11:20",NULL,"13.3",NULL,"1",NULL,"108","0","0","0","0"
"3274062",NULL,NULL,"Gogebic 6","1642309940",NULL,"46.646536","-89.552691",NULL,NULL,"2022-01-16 05:12:20",NULL,"13.3",NULL,"1",NULL,"108","0","0","0","0"
"3274094",NULL,NULL,"Gogebic 6","1642310000",NULL,"46.648913","-89.55254",NULL,NULL,"2022-01-16 05:13:20",NULL,"13.3",NULL,"1",NULL,"108","0","0","0","0"
"3274095",NULL,NULL,"Gogebic 6","1642310060",NULL,"46.651223","-89.552532",NULL,NULL,"2022-01-16 05:14:20",NULL,"13.3",NULL,"1",NULL,"108","0","0","0","0"
"3274096",NULL,NULL,"Gogebic 6","1642310120",NULL,"46.653427","-89.553879",NULL,NULL,"2022-01-16 05:15:20",NULL,"13.3",NULL,"1",NULL,"108","0","0","0","0"
"3275229",NULL,NULL,"Gogebic 6","1642310180",NULL,"46.655662","-89.555159",NULL,NULL,"2022-01-16 05:16:20",NULL,"13.3",NULL,"1",NULL,"108","0","0","0","0"
"3275230",NULL,NULL,"Gogebic 6","1642310240",NULL,"46.657793","-89.556376",NULL,NULL,"2022-01-16 05:17:20",NULL,"13.3",NULL,"1",NULL,"108","0","0","0","0"
"3275231",NULL,NULL,"Gogebic 6","1642310300",NULL,"46.659345","-89.557153",NULL,NULL,"2022-01-16 05:18:20",NULL,"13.3",NULL,"1",NULL,"108","0","0","0","0"
"3275232",NULL,NULL,"Gogebic 6","1642310420",NULL,"46.663915","-89.559108",NULL,NULL,"2022-01-16 05:20:20",NULL,"13.3",NULL,"1",NULL,"108","0","0","0","0"
"3275233",NULL,NULL,"Gogebic 6","1642310540",NULL,"46.668436","-89.559722",NULL,NULL,"2022-01-16 05:22:20",NULL,"13.3",NULL,"1",NULL,"108","0","0","0","0"
"3275234",NULL,NULL,"Gogebic 6","1642310720",NULL,"46.674822","-89.559137",NULL,NULL,"2022-01-16 05:25:20",NULL,"13.3",NULL,"1",NULL,"108","0","0","0","0"
"3275235",NULL,NULL,"Gogebic 6","1642311020",NULL,"46.680519","-89.558653",NULL,NULL,"2022-01-16 05:30:20",NULL,"13.3",NULL,"1",NULL,"108","0","0","0","0"
"3275236",NULL,NULL,"Gogebic 6","1642311200",NULL,"46.687755","-89.55809",NULL,NULL,"2022-01-16 05:33:20",NULL,"13.3",NULL,"1",NULL,"108","0","0","0","0"
"3275237",NULL,NULL,"Gogebic 6","1642311281",NULL,"46.690933","-89.559001",NULL,NULL,"2022-01-16 05:34:41",NULL,"13.3",NULL,"1",NULL,"108","0","0","0","0"
"3275238",NULL,NULL,"Gogebic 6","1642311380",NULL,"46.693129","-89.562852",NULL,NULL,"2022-01-16 05:36:20",NULL,"13.3",NULL,"1",NULL,"108","0","0","0","0"
"3275239",NULL,NULL,"Gogebic 6","1642311500",NULL,"46.697902","-89.563103",NULL,NULL,"2022-01-16 05:38:20",NULL,"13.3",NULL,"1",NULL,"108","0","0","0","0"
"3275240",NULL,NULL,"Gogebic 6","1642311680",NULL,"46.705309","-89.563182",NULL,NULL,"2022-01-16 05:41:20",NULL,"13.3",NULL,"1",NULL,"108","0","0","0","0"
"3275241",NULL,NULL,"Gogebic 6","1642311800",NULL,"46.710132","-89.563147",NULL,NULL,"2022-01-16 05:43:20",NULL,"13.3",NULL,"1",NULL,"108","0","0","0","0"
"3275242",NULL,NULL,"Gogebic 6","1642311980",NULL,"46.717534","-89.563072",NULL,NULL,"2022-01-16 05:46:20",NULL,"13.3",NULL,"1",NULL,"108","0","0","0","0"
"3275243",NULL,NULL,"Gogebic 6","1642312040",NULL,"46.720014","-89.56296",NULL,NULL,"2022-01-16 05:47:20",NULL,"13.3",NULL,"1",NULL,"108","0","0","0","0"
"3275244",NULL,NULL,"Gogebic 6","1642312160",NULL,"46.724322","-89.56259",NULL,NULL,"2022-01-16 05:49:20",NULL,"13.3",NULL,"1",NULL,"108","0","0","0","0"
"3275245",NULL,NULL,"Gogebic 6","1642312280",NULL,"46.728692","-89.562723",NULL,NULL,"2022-01-16 05:51:20",NULL,"13.3",NULL,"1",NULL,"108","0","0","0","0"
"3275246",NULL,NULL,"Gogebic 6","1642312460",NULL,"46.732934","-89.563142",NULL,NULL,"2022-01-16 05:54:20",NULL,"13.3",NULL,"1",NULL,"108","0","0","0","0"
"3275247",NULL,NULL,"Gogebic 6","1642312520",NULL,"46.734256","-89.563142",NULL,NULL,"2022-01-16 05:55:20",NULL,"13.3",NULL,"1",NULL,"108","0","0","0","0"
"3275248",NULL,NULL,"Gogebic 6","1642312640",NULL,"46.737221","-89.563167",NULL,NULL,"2022-01-16 05:57:20",NULL,"13.3",NULL,"1",NULL,"108","0","0","0","0"
"3275249",NULL,NULL,"Gogebic 6","1642313022",NULL,"46.7367","-89.563106",NULL,NULL,"2022-01-16 06:03:42",NULL,"13.3",NULL,"1",NULL,"108","0","0","0","0"
"3275250",NULL,NULL,"Gogebic 6","1642313180",NULL,"46.730312","-89.563157",NULL,NULL,"2022-01-16 06:06:20",NULL,"13.3",NULL,"1",NULL,"108","0","0","0","0"
"3275251",NULL,NULL,"Gogebic 6","1642313300",NULL,"46.726603","-89.562754",NULL,NULL,"2022-01-16 06:08:20",NULL,"13.3",NULL,"1",NULL,"108","0","0","0","0"
"3275252",NULL,NULL,"Gogebic 6","1642313360",NULL,"46.724087","-89.562614",NULL,NULL,"2022-01-16 06:09:20",NULL,"13.3",NULL,"1",NULL,"108","0","0","0","0"
"3275253",NULL,NULL,"Gogebic 6","1642313480",NULL,"46.719028","-89.563103",NULL,NULL,"2022-01-16 06:11:20",NULL,"13.3",NULL,"1",NULL,"108","0","0","0","0"
"3275254",NULL,NULL,"Gogebic 6","1642313600",NULL,"46.713659","-89.563164",NULL,NULL,"2022-01-16 06:13:20",NULL,"13.3",NULL,"1",NULL,"108","0","0","0","0"
"3275255",NULL,NULL,"Gogebic 6","1642313780",NULL,"46.705425","-89.563164",NULL,NULL,"2022-01-16 06:16:20",NULL,"13.4",NULL,"1",NULL,"108","0","0","0","0"
"3275256",NULL,NULL,"Gogebic 6","1642313840",NULL,"46.702692","-89.563148",NULL,NULL,"2022-01-16 06:17:20",NULL,"13.3",NULL,"1",NULL,"108","0","0","0","0"
"3275310",NULL,NULL,"Gogebic 6","1642314020",NULL,"46.694405","-89.563092",NULL,NULL,"2022-01-16 06:20:20",NULL,"13.4",NULL,"1",NULL,"108","0","0","0","0"
"3275311",NULL,NULL,"Gogebic 6","1642314082",NULL,"46.691919","-89.561744",NULL,NULL,"2022-01-16 06:21:22",NULL,"13.3",NULL,"1",NULL,"108","0","0","0","0"
"3275312",NULL,NULL,"Gogebic 6","1642314140",NULL,"46.690619","-89.558798",NULL,NULL,"2022-01-16 06:22:20",NULL,"13.3",NULL,"1",NULL,"108","0","0","0","0"
"3275313",NULL,NULL,"Gogebic 6","1642314260",NULL,"46.685172","-89.55869",NULL,NULL,"2022-01-16 06:24:20",NULL,"13.4",NULL,"1",NULL,"108","0","0","0","0"
"3275314",NULL,NULL,"Gogebic 6","1642314380",NULL,"46.679361","-89.558684",NULL,NULL,"2022-01-16 06:26:20",NULL,"13.3",NULL,"1",NULL,"108","0","0","0","0"
"3275315",NULL,NULL,"Gogebic 6","1642314500",NULL,"46.673809","-89.559169",NULL,NULL,"2022-01-16 06:28:20",NULL,"13.3",NULL,"1",NULL,"108","0","0","0","0"
"3275316",NULL,NULL,"Gogebic 6","1642314620",NULL,"46.668296","-89.559647",NULL,NULL,"2022-01-16 06:30:20",NULL,"13.4",NULL,"1",NULL,"108","0","0","0","0"
"3275317",NULL,NULL,"Gogebic 6","1642314800",NULL,"46.660267","-89.557556",NULL,NULL,"2022-01-16 06:33:20",NULL,"13.3",NULL,"1",NULL,"108","0","0","0","0"
"3275318",NULL,NULL,"Gogebic 6","1642314920",NULL,"46.655168","-89.554947",NULL,NULL,"2022-01-16 06:35:20",NULL,"13.4",NULL,"1",NULL,"108","0","0","0","0"
"3275319",NULL,NULL,"Gogebic 6","1642315040",NULL,"46.650473","-89.552332",NULL,NULL,"2022-01-16 06:37:20",NULL,"13.3",NULL,"1",NULL,"108","0","0","0","0"
"3275358",NULL,NULL,"Gogebic 6","1642315220",NULL,"46.647336","-89.552617",NULL,NULL,"2022-01-16 06:40:20",NULL,"13.3",NULL,"1",NULL,"108","0","0","0","0"
"3275359",NULL,NULL,"Gogebic 6","1642315280",NULL,"46.644554","-89.552595",NULL,NULL,"2022-01-16 06:41:20",NULL,"13.4",NULL,"1",NULL,"108","0","0","0","0"
"3275360",NULL,NULL,"Gogebic 6","1642315340",NULL,"46.641774","-89.552672",NULL,NULL,"2022-01-16 06:42:20",NULL,"13.3",NULL,"1",NULL,"108","0","0","0","0"
"3275421",NULL,NULL,"Gogebic 6","1642315400",NULL,"46.638807","-89.552607",NULL,NULL,"2022-01-16 06:43:20",NULL,"13.3",NULL,"1",NULL,"108","0","0","0","0"
"3275422",NULL,NULL,"Gogebic 6","1642315460",NULL,"46.635771","-89.552636",NULL,NULL,"2022-01-16 06:44:20",NULL,"13.3",NULL,"1",NULL,"108","0","0","0","0"
"3275423",NULL,NULL,"Gogebic 6","1642315520",NULL,"46.632864","-89.552637",NULL,NULL,"2022-01-16 06:45:20",NULL,"13.3",NULL,"1",NULL,"108","0","0","0","0"
"3275451",NULL,NULL,"Gogebic 6","1642315580",NULL,"46.630062","-89.552638",NULL,NULL,"2022-01-16 06:46:20",NULL,"13.4",NULL,"1",NULL,"108","0","0","0","0"
"3275452",NULL,NULL,"Gogebic 6","1642315640",NULL,"46.62722","-89.552632",NULL,NULL,"2022-01-16 06:47:20",NULL,"13.4",NULL,"1",NULL,"108","0","0","0","0"
"3275453",NULL,NULL,"Gogebic 6","1642315700",NULL,"46.624427","-89.552597",NULL,NULL,"2022-01-16 06:48:20",NULL,"13.4",NULL,"1",NULL,"108","0","0","0","0"
"3275481",NULL,NULL,"Gogebic 6","1642315760",NULL,"46.621707","-89.552647",NULL,NULL,"2022-01-16 06:49:20",NULL,"13.3",NULL,"1",NULL,"108","0","0","0","0"
"3275482",NULL,NULL,"Gogebic 6","1642315768",NULL,"46.621404","-89.552911",NULL,NULL,"2022-01-16 06:49:28",NULL,"13.3",NULL,"1",NULL,"108","0","0","0","0"
"3275483",NULL,NULL,"Gogebic 6","1642315820",NULL,"46.621259","-89.55617",NULL,NULL,"2022-01-16 06:50:20",NULL,"13.3",NULL,"1",NULL,"108","0","0","0","0"
"3275484",NULL,NULL,"Gogebic 6","1642315880",NULL,"46.621254","-89.560106",NULL,NULL,"2022-01-16 06:51:20",NULL,"13.3",NULL,"1",NULL,"108","0","0","0","0"
"3275517",NULL,NULL,"Gogebic 6","1642315940",NULL,"46.621228","-89.564066",NULL,NULL,"2022-01-16 06:52:20",NULL,"13.3",NULL,"1",NULL,"108","0","0","0","0"
"3275518",NULL,NULL,"Gogebic 6","1642316000",NULL,"46.621248","-89.568066",NULL,NULL,"2022-01-16 06:53:20",NULL,"13.3",NULL,"1",NULL,"108","0","0","0","0"
"3275519",NULL,NULL,"Gogebic 6","1642316060",NULL,"46.621258","-89.571967",NULL,NULL,"2022-01-16 06:54:20",NULL,"13.3",NULL,"1",NULL,"108","0","0","0","0"
"3275546",NULL,NULL,"Gogebic 6","1642316180",NULL,"46.621068","-89.573621",NULL,NULL,"2022-01-16 06:56:20",NULL,"13.3",NULL,"1",NULL,"108","0","0","0","0"
"3275547",NULL,NULL,"Gogebic 6","1642316240",NULL,"46.620436","-89.575178",NULL,NULL,"2022-01-16 06:57:20",NULL,"13.3",NULL,"1",NULL,"108","0","0","0","0"
"3275570",NULL,NULL,"Gogebic 6","1642316300",NULL,"46.618915","-89.577138",NULL,NULL,"2022-01-16 06:58:20",NULL,"13.3",NULL,"1",NULL,"108","0","0","0","0"
"3275571",NULL,NULL,"Gogebic 6","1642316360",NULL,"46.617868","-89.580021",NULL,NULL,"2022-01-16 06:59:20",NULL,"13.3",NULL,"1",NULL,"108","0","0","0","0"
"3275572",NULL,NULL,"Gogebic 6","1642316420",NULL,"46.617157","-89.583359",NULL,NULL,"2022-01-16 07:00:20",NULL,"13.3",NULL,"1",NULL,"108","0","0","0","0"
"3275593",NULL,NULL,"Gogebic 6","1642316480",NULL,"46.616343","-89.58676",NULL,NULL,"2022-01-16 07:01:20",NULL,"13.3",NULL,"1",NULL,"108","0","0","0","0"
"3275594",NULL,NULL,"Gogebic 6","1642316531",NULL,"46.616354","-89.589829",NULL,NULL,"2022-01-16 07:02:11",NULL,"13.3",NULL,"1",NULL,"108","0","0","0","0"
"3275595",NULL,NULL,"Gogebic 6","1642316540",NULL,"46.616496","-89.590301",NULL,NULL,"2022-01-16 07:02:20",NULL,"13.3",NULL,"1",NULL,"108","0","0","0","0"
"3275596",NULL,NULL,"Gogebic 6","1642316591",NULL,"46.617421","-89.592481",NULL,NULL,"2022-01-16 07:03:11",NULL,"13.3",NULL,"1",NULL,"108","0","0","0","0"
"3275597",NULL,NULL,"Gogebic 6","1642316600",NULL,"46.61722","-89.592707",NULL,NULL,"2022-01-16 07:03:20",NULL,"13.3",NULL,"1",NULL,"108","0","0","0","0"
"3275618",NULL,NULL,"Gogebic 6","1642316659",NULL,"46.615774","-89.59408",NULL,NULL,"2022-01-16 07:04:19",NULL,"13.3",NULL,"1",NULL,"108","0","0","0","0"
"3275619",NULL,NULL,"Gogebic 6","1642316660",NULL,"46.615731","-89.594081",NULL,NULL,"2022-01-16 07:04:20",NULL,"13.3",NULL,"1",NULL,"108","0","0","0","0"
"3275620",NULL,NULL,"Gogebic 6","1642316720",NULL,"46.613739","-89.59434",NULL,NULL,"2022-01-16 07:05:20",NULL,"13.3",NULL,"1",NULL,"108","0","0","0","0"
"3275621",NULL,NULL,"Gogebic 6","1642316780",NULL,"46.611256","-89.59434",NULL,NULL,"2022-01-16 07:06:20",NULL,"13.3",NULL,"1",NULL,"108","0","0","0","0"
"3275639",NULL,NULL,"Gogebic 6","1642316840",NULL,"46.608617","-89.594316",NULL,NULL,"2022-01-16 07:07:20",NULL,"13.3",NULL,"1",NULL,"108","0","0","0","0"
"3275640",NULL,NULL,"Gogebic 6","1642316900",NULL,"46.606902","-89.594621",NULL,NULL,"2022-01-16 07:08:20",NULL,"13.3",NULL,"1",NULL,"108","0","0","0","0"
"3275641",NULL,NULL,"Gogebic 6","1642316904",NULL,"46.606892","-89.594801",NULL,NULL,"2022-01-16 07:08:24",NULL,"13.3",NULL,"1",NULL,"108","0","0","0","0"
"3275642",NULL,NULL,"Gogebic 6","1642316960",NULL,"46.606588","-89.596877",NULL,NULL,"2022-01-16 07:09:20",NULL,"13.3",NULL,"1",NULL,"108","0","0","0","0"
"3275663",NULL,NULL,"Gogebic 6","1642316978",NULL,"46.606078","-89.597071",NULL,NULL,"2022-01-16 07:09:38",NULL,"13.3",NULL,"1",NULL,"108","0","0","0","0"
"3275664",NULL,NULL,"Gogebic 6","1642317020",NULL,"46.604992","-89.596666",NULL,NULL,"2022-01-16 07:10:20",NULL,"13.3",NULL,"1",NULL,"108","0","0","0","0"
"3275665",NULL,NULL,"Gogebic 6","1642317080",NULL,"46.603373","-89.597963",NULL,NULL,"2022-01-16 07:11:20",NULL,"13.3",NULL,"1",NULL,"108","0","0","0","0"
"3275666",NULL,NULL,"Gogebic 6","1642317091",NULL,"46.603178","-89.598411",NULL,NULL,"2022-01-16 07:11:31",NULL,"13.3",NULL,"1",NULL,"108","0","0","0","0"
"3275667",NULL,NULL,"Gogebic 6","1642317109",NULL,"46.602772","-89.599191",NULL,NULL,"2022-01-16 07:11:49",NULL,"13.3",NULL,"1",NULL,"108","0","0","0","0"
"3275668",NULL,NULL,"Gogebic 6","1642317140",NULL,"46.601618","-89.599893",NULL,NULL,"2022-01-16 07:12:20",NULL,"13.3",NULL,"1",NULL,"108","0","0","0","0"
"3275682",NULL,NULL,"Gogebic 6","1642317200",NULL,"46.599215","-89.600185",NULL,NULL,"2022-01-16 07:13:20",NULL,"13.3",NULL,"1",NULL,"108","0","0","0","0"
"3275696",NULL,NULL,"Gogebic 6","1642317440",NULL,"46.598423","-89.59999",NULL,NULL,"2022-01-16 07:17:20",NULL,"13.3",NULL,"1",NULL,"108","0","0","0","0"
"3275697",NULL,NULL,"Gogebic 6","1642317449",NULL,"46.598471","-89.599632",NULL,NULL,"2022-01-16 07:17:29",NULL,"13.3",NULL,"1",NULL,"108","0","0","0","0"
"3275698",NULL,NULL,"Gogebic 6","1642317473",NULL,"46.598074","-89.598882",NULL,NULL,"2022-01-16 07:17:53",NULL,"13.3",NULL,"1",NULL,"108","0","0","0","0"
"3275699",NULL,NULL,"Gogebic 6","1642317500",NULL,"46.597851","-89.597852",NULL,NULL,"2022-01-16 07:18:20",NULL,"13.3",NULL,"1",NULL,"108","0","0","0","0"
"3275730",NULL,NULL,"Gogebic 6","1642317537",NULL,"46.596851","-89.597183",NULL,NULL,"2022-01-16 07:18:57",NULL,"13.3",NULL,"1",NULL,"108","0","0","0","0"
"3275731",NULL,NULL,"Gogebic 6","1642317560",NULL,"46.596128","-89.59722",NULL,NULL,"2022-01-16 07:19:20",NULL,"13.3",NULL,"1",NULL,"108","0","0","0","0"
"3275732",NULL,NULL,"Gogebic 6","1642317620",NULL,"46.594075","-89.597549",NULL,NULL,"2022-01-16 07:20:20",NULL,"13.3",NULL,"1",NULL,"108","0","0","0","0"
"3275733",NULL,NULL,"Gogebic 6","1642317680",NULL,"46.592492","-89.598344",NULL,NULL,"2022-01-16 07:21:20",NULL,"13.3",NULL,"1",NULL,"108","0","0","0","0"
"3275734",NULL,NULL,"Gogebic 6","1642317740",NULL,"46.592257","-89.597808",NULL,NULL,"2022-01-16 07:22:20",NULL,"13.3",NULL,"1",NULL,"108","0","0","0","0"
"3275751",NULL,NULL,"Gogebic 6","1642317800",NULL,"46.593206","-89.594454",NULL,NULL,"2022-01-16 07:23:20",NULL,"13.3",NULL,"1",NULL,"108","0","0","0","0"
"3275752",NULL,NULL,"Gogebic 6","1642317860",NULL,"46.594264","-89.590875",NULL,NULL,"2022-01-16 07:24:20",NULL,"13.3",NULL,"1",NULL,"108","0","0","0","0"
"3275763",NULL,NULL,"Gogebic 6","1642317920",NULL,"46.595262","-89.587699",NULL,NULL,"2022-01-16 07:25:20",NULL,"13.3",NULL,"1",NULL,"108","0","0","0","0"
"3275764",NULL,NULL,"Gogebic 6","1642317980",NULL,"46.596141","-89.584608",NULL,NULL,"2022-01-16 07:26:20",NULL,"13.3",NULL,"1",NULL,"108","0","0","0","0"
"3275765",NULL,NULL,"Gogebic 6","1642318040",NULL,"46.596994","-89.580958",NULL,NULL,"2022-01-16 07:27:20",NULL,"13.3",NULL,"1",NULL,"108","0","0","0","0"
"3275782",NULL,NULL,"Gogebic 6","1642318100",NULL,"46.59788","-89.578447",NULL,NULL,"2022-01-16 07:28:20",NULL,"13.3",NULL,"1",NULL,"108","0","0","0","0"
"3275783",NULL,NULL,"Gogebic 6","1642318160",NULL,"46.598303","-89.576276",NULL,NULL,"2022-01-16 07:29:20",NULL,"13.3",NULL,"1",NULL,"108","0","0","0","0"
"3275784",NULL,NULL,"Gogebic 6","1642318220",NULL,"46.598449","-89.573571",NULL,NULL,"2022-01-16 07:30:20",NULL,"13.3",NULL,"1",NULL,"108","0","0","0","0"
"3275817",NULL,NULL,"Gogebic 6","1642318280",NULL,"46.598247","-89.570754",NULL,NULL,"2022-01-16 07:31:20",NULL,"13.3",NULL,"1",NULL,"108","0","0","0","0"
"3275818",NULL,NULL,"Gogebic 6","1642318340",NULL,"46.597746","-89.567337",NULL,NULL,"2022-01-16 07:32:20",NULL,"13.3",NULL,"1",NULL,"108","0","0","0","0"
"3275819",NULL,NULL,"Gogebic 6","1642318400",NULL,"46.59722","-89.563787",NULL,NULL,"2022-01-16 07:33:20",NULL,"13.3",NULL,"1",NULL,"108","0","0","0","0"
"3282271",NULL,NULL,"Gogebic 6","1642376426",NULL,"46.597119","-89.563368",NULL,NULL,"2022-01-16 23:40:26",NULL,"13.3",NULL,"1",NULL,"108","0","0","0","0"
"3282272",NULL,NULL,"Gogebic 6","1642376428",NULL,"46.597138","-89.563476",NULL,NULL,"2022-01-16 23:40:28",NULL,"13.3",NULL,"1",NULL,"108","0","0","0","0"
"3282273",NULL,NULL,"Gogebic 6","1642376466",NULL,"46.597403","-89.565669",NULL,NULL,"2022-01-16 23:41:06",NULL,"13.3",NULL,"1",NULL,"108","0","0","0","0"
"3282274",NULL,NULL,"Gogebic 6","1642376488",NULL,"46.596809","-89.565644",NULL,NULL,"2022-01-16 23:41:28",NULL,"13.3",NULL,"1",NULL,"108","0","0","0","0"
"3282315",NULL,NULL,"Gogebic 6","1642376548",NULL,"46.595344","-89.566046",NULL,NULL,"2022-01-16 23:42:28",NULL,"13.3",NULL,"1",NULL,"108","0","0","0","0"
"3282316",NULL,NULL,"Gogebic 6","1642376608",NULL,"46.593933","-89.565559",NULL,NULL,"2022-01-16 23:43:28",NULL,"13.3",NULL,"1",NULL,"108","0","0","0","0"
"3282317",NULL,NULL,"Gogebic 6","1642376645",NULL,"46.59308","-89.564962",NULL,NULL,"2022-01-16 23:44:05",NULL,"13.3",NULL,"1",NULL,"108","0","0","0","0"
"3282318",NULL,NULL,"Gogebic 6","1642376709",NULL,"46.592532","-89.565178",NULL,NULL,"2022-01-16 23:45:09",NULL,"13.3",NULL,"1",NULL,"108","0","0","0","0"
"3282351",NULL,NULL,"Gogebic 6","1642376728",NULL,"46.592599","-89.566053",NULL,NULL,"2022-01-16 23:45:28",NULL,"13.3",NULL,"1",NULL,"108","0","0","0","0"
"3282352",NULL,NULL,"Gogebic 6","1642376788",NULL,"46.592743","-89.56497",NULL,NULL,"2022-01-16 23:46:28",NULL,"13.3",NULL,"1",NULL,"108","0","0","0","0"
"3282353",NULL,NULL,"Gogebic 6","1642376813",NULL,"46.592182","-89.564923",NULL,NULL,"2022-01-16 23:46:53",NULL,"13.3",NULL,"1",NULL,"108","0","0","0","0"
"3282354",NULL,NULL,"Gogebic 6","1642376848",NULL,"46.591336","-89.565479",NULL,NULL,"2022-01-16 23:47:28",NULL,"13.3",NULL,"1",NULL,"108","0","0","0","0"
"3282355",NULL,NULL,"Gogebic 6","1642376868",NULL,"46.591279","-89.56633",NULL,NULL,"2022-01-16 23:47:48",NULL,"13.3",NULL,"1",NULL,"108","0","0","0","0"
"3282390",NULL,NULL,"Gogebic 6","1642376908",NULL,"46.59056","-89.567141",NULL,NULL,"2022-01-16 23:48:28",NULL,"13.3",NULL,"1",NULL,"108","0","0","0","0"
"3282391",NULL,NULL,"Gogebic 6","1642376968",NULL,"46.590482","-89.56946",NULL,NULL,"2022-01-16 23:49:28",NULL,"13.3",NULL,"1",NULL,"108","0","0","0","0"
"3282392",NULL,NULL,"Gogebic 6","1642377028",NULL,"46.590386","-89.572092",NULL,NULL,"2022-01-16 23:50:28",NULL,"13.3",NULL,"1",NULL,"108","0","0","0","0"
"3282436",NULL,NULL,"Gogebic 6","1642377148",NULL,"46.590845","-89.573538",NULL,NULL,"2022-01-16 23:52:28",NULL,"13.3",NULL,"1",NULL,"108","0","0","0","0"
"3282437",NULL,NULL,"Gogebic 6","1642377208",NULL,"46.592102","-89.574041",NULL,NULL,"2022-01-16 23:53:28",NULL,"13.3",NULL,"1",NULL,"108","0","0","0","0"
"3282467",NULL,NULL,"Gogebic 6","1642377268",NULL,"46.59148","-89.573764",NULL,NULL,"2022-01-16 23:54:28",NULL,"13.3",NULL,"1",NULL,"108","0","0","0","0"
"3282468",NULL,NULL,"Gogebic 6","1642377327",NULL,"46.590419","-89.572666",NULL,NULL,"2022-01-16 23:55:27",NULL,"13.3",NULL,"1",NULL,"108","0","0","0","0"
"3282469",NULL,NULL,"Gogebic 6","1642377328",NULL,"46.590422","-89.572616",NULL,NULL,"2022-01-16 23:55:28",NULL,"13.3",NULL,"1",NULL,"108","0","0","0","0"
"3282470",NULL,NULL,"Gogebic 6","1642377388",NULL,"46.590512","-89.56953",NULL,NULL,"2022-01-16 23:56:28",NULL,"13.3",NULL,"1",NULL,"108","0","0","0","0"
"3282566",NULL,NULL,"Gogebic 6","1642377448",NULL,"46.590698","-89.56687",NULL,NULL,"2022-01-16 23:57:28",NULL,"13.3",NULL,"1",NULL,"108","0","0","0","0"
"3282567",NULL,NULL,"Gogebic 6","1642377508",NULL,"46.59153","-89.565091",NULL,NULL,"2022-01-16 23:58:28",NULL,"13.3",NULL,"1",NULL,"108","0","0","0","0"
"3282568",NULL,NULL,"Gogebic 6","1642377565",NULL,"46.593172","-89.565058",NULL,NULL,"2022-01-16 23:59:25",NULL,"13.3",NULL,"1",NULL,"108","0","0","0","0"
"3282569",NULL,NULL,"Gogebic 6","1642377568",NULL,"46.59326","-89.565154",NULL,NULL,"2022-01-16 23:59:28",NULL,"13.3",NULL,"1",NULL,"108","0","0","0","0"
